passwd
skygo
360skygo
skygo123
password
vnet@mycdma.cn
vnet.mobi
cmnet
cmwap
test
test1
test12
test123
test1234
test12345
test123456
test1234567
test12345678
mmsc.monternet.com
3gwap
http://www.wo.com.cn
http://mmsc.myuni.com.cn
3gnet
4gnet
blank
Blank
pwg
mms
apple
a123456789
11223344
1qaz2wsx
xiazhili
password
789456123
qwertyuiop
qqqqqqqq
iloveyou
qq123456
87654321
000000000
asdfghjkl
31415926
12344321
1q2w3e4r
0000000000
123456789
admin@123
12345678
11111111
dearbook
00000000
123123123
1234567890
88888888
111111111
147258369
aaaaaaaa
987654321
1111111111
66666666
qazwsxedc
123456abc
abcd1234
0123456789
123654789
12121212
asdasdasd
12341234
110110110
qwertyui
123456123
123456789a
123456aa
asdfasdf
99999999
999999999
123456123456
520520520
963852741
741852963
55555555
33333333
qwer1234
asd123456
qweasdzxc
zzzzzzzz
77777777
code8925
11112222
ms0083jxj
123456qq
qweqweqwe
111222333
asdf1234
3.1415926
asdfghjk
147852369
q1w2e3r4
521521521
12345678a
123qweasd
123698745
1123581321
1234abcd
woaini1314
1qazxsw2
woaiwojia
zxcvbnm123
321321321
05962514787
wwwwwwww
123456987
kingcom5
5845201314
0987654321
11111111111111
123456asd
abc123456
aa123456
a12345678
22222222
1234qwer
a1234567
123321123
1Q2W3E4R5T
12345600
lilylily
11235813
10101010
xiaoxiao
woshishui
qwe123456
12345612
5201314520
1234554321
12301230
100200300
z123456789
qazwsx123
woainima
ssssssss
P@ssw0rd
44444444
aaa123456
q123456789
wojiushiwo
qaz123456
wocaonima
123321aa
25257758
csdncsdn
1357924680
yangyang
woaini520
369258147
zhang123
321654987
9876543210
1233211234567
1234567b
zxczxczxc
dddddddd
google250
5845211314
aaaaaaaaa
abcdefgh
369369369
20082008
123456qwe
goodluck
zxc123456
qwerasdf
135792468
299792458
computer
12qwaszx
a1111111
as123456
123456789.
12345678910
a123456a
888888888
168168168
superman
qq123123
789789789
8888888888
abc12345
xxxxxxxx
zaq12wsx
sunshine
112233445566
a1b2c3d4
qq111111
aptx4869
123321123321
66668888
52013145201314
007007007
wodemima
147896325
1a2b3c4d
123789456
aaaaaaaaaa
jingjing
12345qwert
helloworld
110120119
tiantian
123456ab
13145200
aaaa1111
a123123123
123456..
00001111
a5201314
12312312
zhangwei
w123456789
584131421
123456789q
77585210
abcd123456
qw123456
ab123456
passw0rd
li123456
20102010
666666666
12348765
1234512345
456456456
20080808
newhappy
wangjian
csdn.net
12345687
01234567
01020304
21212121
dongdong
qazqazqaz
123123123123
wiii2dsE
23232323
13141314
74108520
7894561230
5841314520
a11111111
q1w2e3r4t5
aa123123
woaini521
shanghai
77585211
88771024
123qwe123
123456as
19491001
qq000000
wang123456
01010101
qqq11111
zz123456
abc123456789
14789632
111111aa
q1234567
yuanyuan
qazxswedc
3141592653
meiyoumima
77585217758521
liu123456
20092009
12345abcde
1234567890123
zhanglei
110119120
012345678
77889900
mmmmmmmm
asdfghjkl;'
123456000
qwert12345
lb851210
justdoit
qq123456789
19841010
7758521521
hahahaHA
aini1314
llllllll
19841020
11111111a
13131313
123456798
10203040
123456zx
23456789
mingming
chenchen
asasasas
worinima
52013141314
123456qaz
123454321
qqqqqqqqqq
1111qqqq
Woailaopo
123456ABCD
1234ASDF
518518518
wangjing
z3255500
88982866
11110000
5201314a
584131420
987456321
258258258
qq5201314
qqqqqqqqq
q1111111
88889999
12365478
00000000000000000000
Q12345678
www123456
123123aa
zx123456
19871010
qweasd123
123123456
45612300
25251325
1234567899
19850603
administrator
a0000000
52013140
nicholas
longlong
120120120
19841028
kkkkkkkk
tzwadmin123
asdf123456
333333333
wangpeng
911911911
jjjjjjjj
admin123
microsoft
66778899
19871024
hyjzstx8
lovelove
78787878
qwqwqwqw
wangwang
16897168
123456qw
cccccccc
z1234567
a1s2d3f4
love1314
456789123
12332100
HHHHHHHH
qqqq1111
xiaolong
a00000000
aaa123123
xingxing
xiaoqiang
zhangjian
zxcv1234
pppppppp
19851019
ds760206
19841012
1qaz1qaz
19851010
1314520520
gggggggg
111111qq
55667788
19871025
wobuzhidao
1111111a
1111aaaa
12300000
13572468
miaomiao
w12345678
19861012
imissyou
qwe123123
abcde12345
19871020
asd12345
nihao123
internet
qwe12345
19881011
123456789abc
zhimakaimen
123456789123
qwerty123
1223334444
19881010
woainiwoaini
19861020
w1234567
yyyyyyyy
84131421
1qaz2wsx3edc
zhangjie
testtest
wangyang
z12345678
zhanghao
456123789
99998888
12131415
shanshan
11111111111
19890309
asdfjkl;
5841314521
5555555555
110120130
hello123
abc12345678
19861015
xiaofeng
12312300
112112112
3141592654
1q1q1q1q
56565656
liangliang
dgdg7234322
159159159
19841023
19841025
19881212
19890306
zhangjing
98765432
00123456
19841018
19861210
19871125
119119119
00112233
19861010
123456456
123123qq
5201314123
12345678q
19830209
98989898
19881120
19851212
19861028
222222222
asd123123
1qaz@wsx
6666666666
147147147
19861123
1029384756
89898989
woshitiancai
19841001
19871212
tingting
oooooooo
19871987
19861018
mm123456
789654123
121121121
19881128
123456ok
zaq1xsw2
58585858
wangchao
123456zz
19881028
19871023
19881020
19841015
19871011
19871021
123456780
19881220
123abc123
19861111
19861016
314159265
asdasd123
19861215
369852147
19861026
19871028
19821010
123456zxc
13145201314520
19841024
beijing2008
1212121212
19861212
dingding
19841026
19871012
19870623
555555555
12332112
dg123456
159753123
Aa111111
Q11111111
19861023
19871015
12345611
19861025
zhangyan
huang123
windowsxp
19841021
handsome
19871001
19881015
19861011
123456...
19851020
19861001
19841014
ASDFZXCV
12345689
woshishei
584201314
zxcvbnma
19851120
1231512315
19871214
zhangyang
16899168
11221122
a1314520
19871016
wang1234
chenjian
19881225
lingling
qwertyuio
963258741
19851218
19871225
19871120
19871228
qwerqwer
19851125
19881024
chinaren
123581321
001001001
huanhuan
19871017
19881022
songguang
tsinghua
100100100
19861021
123456789z
19861216
19881017
zhongguo
19881013
19851023
0.123456
19861013
19860202
19881016
19871026
13324016206
19861218
19841011
134679852
qkvmlia569
560111aa
19861024
19841019
zxcvbnmzxcvbnm
19861220
19861211
19841027
520131400
zxcvbnm1
19881018
123654123
789632145
19861121
12345abc
1237890o0
19821982
19821221
19871022
19881125
19861124
19871122
5200251314
19841017
19861120
19871121
19831010
l123456789
123QWEASDZXC
abcabcabc
........
kingking
19871029
admin888
159357159357
19851025
123456ASDF
jianqiao
18181818
19851013
14141414
qwe123qwe
ZHANGHUI
Haohaoxuexi
19831220
19881123
19861225
19861224
123698741
74107410
88886666
19871210
159357123
19881021
19861122
19881210
19861014
19851216
amuqdedwft
19861022
19881001
woaiwoziji
68686868
19870214
19841122
zxzxzxzx
19851230
19881023
19821024
operation
123456321
19860214
ddzj39cb3
support123
19861112
19831001
301415926
ww123456
11111112
19891010
19881027
12345677
19861214
POIUYTREWQ
msconfig
19881029
19851011
19851012
19871103
19871223
951ljb753
777888999
19821016
09876543
123456788
19810914
19851018
19861125
123654987
19861228
111111111111
19871126
19841022
777777777
10002000
19851001
aaaa0000
19851030
55556666
19871013
zaiwa1124
zhangjun
3366994qaz
200919ab
19871129
1234567q
l12345678
19841984
chen123456
19871002
19831111
tttttttt
19861226
19881228
19821120
19881012
qweqwe123
09090909
19871226
123456qwerty
19881002
19851015
19851121
19870825
19881226
19861103
19870909
19851210
19871127
19871123
19870101
zhangtao
19871218
19851225
19871027
zxcasdqwe
19881025
19851205
wo123456
19821012
19861223
19821128
19861128
yingying
19881129
cs123456
woshizhu
19861017
wangyong
19881127
19851123
1111111q
19861019
cc123456
19851214
bbbbbbbb
19871213
LIUQIANG
19880808
19860713
741258963
19871215
19841013
19881215
xiaoming
19841006
19841005
abc123abc
19860128
19871115
83869247
19851016
19871111
19871211
19861113
woshishen
19841029
19851224
19871221
19881218
wangliang
howareyou
19861030
19881014
FANGFANG
19821023
19841210
19851024
19841002
19860101
a7758521
bugaosuni
19861027
19870815
19861127
19831020
19841120
19851226
12356789
19861108
19881112
19881118
19841123
19851028
19841016
19881026
9638527410
13141516
qingqing
19861029
wangdong
19861002
jack123456
123456bb
333666999
19851102
yy123456
12345678900
19861126
hao123456
200401265
123321456
19851022
zxcvbnmm
19861221
19890101
12345671
19841212
19831120
19861206
jiangnan
19831125
19881214
lxqqqqqq
19871229
19861118
nishishui
19861110
19831012
19871124
19871014
cndkervip
wanggang
19881122
19870626
19851211
19871227
19861986
qwert123
19881126
90909090
78963214
19871019
2222222222
19870604
13149286ab
159753159753
123456789QQ
mac123456
19831024
19891120
19871201
00000001
wangying
19851213
qaz12345
96385274
19851026
19881124
baidu1599
supervisor
19861213
10000000
CAONIMA123
19861102
19831124
123456789+
19871203
qawsedrf
zhangxin
abcdefg123
19871104
19871128
19851219
100200100200
jianjian
19851118
99887766
19881213
19861203
19851113
19871208
19851116
19891026
19851220
zhangzhang
9999999999
s123456789
19871030
19870216
19831118
jiaojiao
19871222
001002003
7758521a
19851111
19871118
7708801314520
125125125
85208520
admin369
wangfeng
19861106
19861104
19871207
yu123456
19880101
csdn123456
19881988
19871216
19851017
51201314
19821025
19870923
19881115
19871004
19871209
19831212
19851215
19881111
19861205
19831013
19871018
19861006
19821116
123456789@
19870621
19891011
maidoumaidou
12345654321
asdffdsa
20052005
1234567891
7758521520
19881116
19870201
19861129
55665566
19861119
19870620
19870125
rongfan66
19821001
19821122
nishizhu
19881121
19871005
19841205
19871220
asdqwe123
19871205
19871102
65432100
19870627
19831218
19821018
zhangpeng
19880214
19820814
19851112
QIANQIAN
19871117
19861003
19831213
zhangchao
test1234
zaqxswcde
19841125
19871110
1qa2ws3ed
192837465
19881114
19851217
01230123
19891020
19880211
19860909
ss123456
1q2w3e4r5t6y
19860126
19851223
19881216
19851126
19821028
19861227
19891024
19851204
19871217
19870606
19870202
windows123
123456789*
mengmeng
19851229
zzzzzzzzz
19841108
woaimama
19871108
19831027
19861217
19831025
19831011
19841127
huangwei
19841124
19891225
xx123456
caonimabi
19831023
19871112
zhouzhou
19831015
qazwsxed
fa1681688
19861208
19841007
zhangqiang
19831129
19861219
19881217
abcd12345
19881229
19881211
19821207
*********
19881224
19871008
19871116
19861230
19870618
19851014
19999999
19881117
19881008
31496081
19831106
19891015
19841004
19870629
19851221
19861222
19870628
china6815
19891012
x123456789
19841225
19851122
19851124
19891023
LKJHGFDSA
19841226
fengfeng
123456qqq
19851985
19861105
52001314
19870102
19851003
19831028
1415926535
19871105
19821212
19841220
19881030
19821022
95279527
19891021
12345666
19821017
19851128
19851005
wonderful
asdfqwer
19891989
19870608
19871224
jiangwei
19831021
19861209
stefanie
31415926535
19851228
19870917
19881208
QQQ123456
adminadmin
19821026
youaifa569
jiushiaini
584211314
19821208
159357456
19851027
19870619
19870911
19831105
19861115
52113145211314
19831126
19880828
wangzhen
19881113
19821021
19881110
19870310
19841030
19831016
5201314.
19881005
19891215
20202020
19831226
19841219
00000000a
19871109
19861101
hhxxttxs
19821224
05413330
19871206
19821019
asdfgh123
19870921
bingbing
19851227
19871204
12345688
7215217758991
25252525
19891028
zhangbin
12345670
000123456
19841213
19860921
10241024
19891221
aaaa1234
19851115
asdfg12345
zhangliang
19881201
ykvpoia569
!QAZ2wsx
nclpf2p4
19881119
19870625
19851105
19831123
19881219
mimamima
weiweiwei
abc123123
asd123asd
19841113
1a2s3d4f
youkofa569
19850101
19851127
19891019
19860210
19891022
19881223
huangjie
19860916
19861117
19851029
19891016
19831026
19831112
19821218
19841111
19831211
asdfg123
19841003
19891224
123456789qaz
19831224
19821123
19861008
19891124
19881221
19891212
19870128
yang123456
19831219
19880901
19841228
36363636
19861229
19851002
19861109
sun123456
download
19821013
19831210
jiang123
19841008
l1234567
19831014
19821014
19891025
19860902
19851006
19831007
19831122
19841217
19881108
19821213
5211314521
19870708
19831018
19851101
19870913
xiaojing
19891006
hellohello
19871101
19880202
19870824
19831208
201314201314
987412365
12346789
19851021
yangchao
19811025
19870912
19891001
19861201
19830920
19841101
19881019
19841126
19831216
xiaojian
19861202
19821020
zhang123456
19870210
19831121
19851110
700629gh
19870925
wangning
000000aa
77585211314
19860911
pingping
19891216
19881227
19841218
19870205
123456789123456789
qqqqwwww
19880218
19870129
19861114
19831022
27105821
19821215
chenchao
19870818
19881103
19861107
abc111111
19870203
315315315
19870103
19871009
zzzzzzzzzz
19880125
19861204
19831215
XUANXUAN
19841224
zhangkai
19820101
19831225
feixiang
19891013
19870212
19851106
19870213
19861007
19851008
16888888
19871006
aabbccdd
19860927
workhard
19870819
19870624
thankyou
19841121
19841230
19871007
19851114
ybnkoia569
19891228
0.123456789
xiaodong
19870615
19890214
wangshuai
19860228
lv80066368
19831101
xj123456
37213721
19841203
19851129
19821030
19880312
WOSHINIBA
19870603
19871119
12332111
19891017
yangjian
wangming
19821225
qingfeng
5i5i5i5i
19890122
21876346a
19831227
wangqiang
csdn1234
yangguang
12345789
19841211
19871106
19840921
19851107
19891226
19821129
19851203
19870209
19870810
19821015
00009999
rilidongl
19861207
chen1234
19881004
19881006
19881003
19861005
1357913579
19881130
19851208
19850809
19841221
19870919
19870601
happy123
52013141
19891213
88488848
ly123456
qq1314520
19880928
19860315
19811010
s2j3l9v5
tangtang
19831983
19870215
19891030
f19841205
123456789w
19881109
11111122
987987987
19870903
ll123456
zhangying
19831128
19860926
wangmeng
19831214
19841119
pengpeng
19870520
19880310
19870808
19841103
19871107
rongrong
19821118
butterfly
53231323
19880428
13145210
19870225
football
19871219
19850923
19870208
19870206
s1234567
19880217
qq123321
19831221
19881202
19851104
xiaoyang
19840101
1010101010
5205201314
19841116
19821102
qazwsx12
22334455
19851201
19880212
19870207
123123123a
paradise
s12345678
19861116
xiaogang
541881452
19861009
7758521123
19821002
123123qwe
19811017
19871114
19880816
19860917
19860217
19880203
19880108
20062006
19891122
whoareyou
laopo521
19870927
19891029
19870916
gujinbiaoaa
19860125
zhendeaini
19831108
19831102
19880809
3.141592653
19851119
19870926
19870220
77582588
19821121
19880120
123456654
19870121
19881102
52105210
963963963
13801001020
19891027
19881106
19860103
1213141516
19860314
19831230
19841105
19891104
19871003
19870915
wiiisa222
iloveyou1314
19821126
19841215
lin123456
zxcvzxcv
tiankong
abc123abc123
19821230
19860923
19880206
19840102
19860303
19891130
Fuyume123
19880124
123456xx
19870305
131452000
19801980
xxwwan1314
qwerty123456
xiangxiang
niaishui
19851109
19870920
19880311
19841208
19870828
19860814
19840129
19870918
19840211
chenliang
19870123
19860816
19891123
okokokok
19870820
19870217
19870707
19870617
19880921
19821216
19880126
19881206
19870616
19870301
19841214
q1q1q1q1
19870801
19821029
adgjmptw
19821220
woshinidie
PASSWORD123
19891128
19871230
123456789aa
gogogogo
19881204
WANGHUAN
456852456852
19841107
19870120
20000000
zhangming
19831008
19851117
19880215
19850102
19870228
19821115
19890228
thinkpad
19821008
19841129
0054444944
password1
a1b2c3d4e5
19841229
19841206
19831103
19861004
19821027
19871202
huanghao
19811026
19841130
19860929
19870928
0147258369
19881107
wu123456
kk123456
19870611
19831201
19840214
147896321
19890818
19840120
123456ww
19831127
19860102
19860625
qq12345678
19860820
haohaohao
19860606
aaaassss
19840420
19851007
19870112
19870609
19870622
19890806
19880123
33445566
19851209
19831228
19850105
19821011
19880209
beautiful
19860924
chenfeng
159753456
19870907
19870614
19841102
apple123
19840823
19831003
yangjing
19870904
19850711
19870303
19880815
19880712
19870605
19831009
19870701
wokaonima
19841204
1a2b3c4d5e
19891121
19870113
19881209
kangkang
19840926
amp12345
19870218
19880307
19811028
19880228
westlife
19870821
19821112
19821101
86868686
19880915
19880606
19831217
20090909
aa123456789
21345678
19870221
25802580
19890301
qazhuang123
19891116
h123456789
woxiangni
19821106
19880118
19891211
19881205
775852100
19880523
52013145
19821226
77778888
19870525
19821104
19891127
987654123
123123321
19870823
7777777777
19830915
songsong
xixihaha
19870211
19860212
19851231
19890201
19880926
19891218
19891201
19870612
19841115
19860925
19860120
19821217
19870728
foreverlove
19891018
19870602
19821211
19821219
yang1234
19850926
19881203
19881101
45454545
19891110
19830214
QQ1234567
19831205
19831113
19831029
Abc112233
19821205
19890206
goo78leeg
19831204
19890205
19840925
19891125
19821006
19821130
zycggytkqb
zy123456
19821210
19870811
ABCabc123
19850921
19870503
20022002
1111122222
19860912
slamdunk
19891219
19851222
19870521
19821124
19891206
19831019
04020323
22223333
19850215
19870325
19831206
19870914
eladnbin1104
19850909
123abc456
19860211
19830202
19880326
qazwsxedcrfv
19830418
123456789987654321
19880601
0000000a
19891002
521224727
zhangyong
19831115
c123456789
19821228
19840203
19860216
19870807
78945612
15151515
19870830
19880927
19840601
19890323
19870705
19891210
zhangfeng
11223300
fighting
19841009
19870522
asd123456789
159357258
19860523
tongtong
19840210
19870922
pok29q6666
12345678.
19831207
asd147258
13800138000
19851207
19870822
19890215
19860808
19851206
19881007
19870610
19860215
8008208820
19891014
software
19880223
19870223
19870418
19880103
5201314qq
19891129
19891220
19870126
wangchen
19811018
19880303
19871113
19880922
19890927
19831116
19880510
19841128
einstein
0.0.0.0.
19850925
19880610
19851004
nishiwode
songaideng
19870404
19870529
aa000000
19880128
chenjing
19860910
dirdirdir
19811001
19840808
19880309
19891113
19881222
19860410
19841209
19870127
19880105
19860810
19860329
windows98
19811225
19880205
19870315
19871231
19891101
19880818
19831110
woshihaoren
yongheng
19850823
19870412
19870419
19890826
19870929
19860725
19880611
123456ll
19830205
19881231
19870715
19820911
19811020
19860208
19850927
19831006
101101101
11211121
12342234
134679258
juventus
19870814
19880909
love123456
19811022
19860312
19821214
19840204
19880102
1472583690
19870324
19860619
linrk520
16161616
19880920
19860906
19860626
fdsafdsa
19870829
xu123456
123456789l
19860918
19191919
19870901
80808080
19841216
19870304
19821103
woaini11
19860205
19860512
19890212
123456789asd
19870402
19891119
chenyang
pass1234
19890910
19860118
19870226
1234560.
19860325
tiantang
a7758258
19870908
19860815
19880701
19880207
19890120
AAAAAAAAAAAAAAAAAAAA
hu123456
19821119
19860219
19821204
zf526546543
19830218
19850124
19890919
19890216
19880302
19821229
19890920
19811216
tomorrow
dangyuan
19880820
19801020
54181452
19820812
19890123
19891109
19811013
130130130
19891231
19850214
19811014
19820808
19860623
19891208
19860203
19870504
19840929
19870817
19870813
19870725
goodgood
19870306
zhu123456
19870110
19870410
19821201
19870910
19890213
cet333333
19841223
19881105
19860824
19880612
19860104
19841112
19870328
19851202
147852963
19821111
19841109
19880916
19891202
19870106
19860823
19841110
19841227
123456pp
19821109
19851108
19870924
19870316
22446688
19880829
69696969
19890828
19890310
19821009
19860226
19840928
19880419
19850917
wei123456
19880628
19820918
19830926
44556677
19870204
19880813
19840909
19870826
19831005
19820909
19850412
19830928
liang123
19870417
19880216
19881207
32323232
19860715
19860318
19821202
hh123456
19870411
china123
19840216
19890314
19870923wex
zxc123123
19830815
19880313
14159265
Password01!
789123456
19880508
19890316
19851103
abcdabcd
qwer123456
19850820
qazxsw123
19880720
741741741
19821127
19860106
19870312
19870613
19870905
19870523
19801212
19831202
19870501
19850825
19870115
19880520
19870421
19880709
19880129
19870320
19901025
19870727
19840207
19880210
19891112
19890312
123456liu
xy123456
19860401
19860724
19870219
19880722
19850815
wanglong
19890103
19860829
19830101
19880427
19891118
19840815
19880201
jisuanji
19890129
19890110
by7704566
19880910
jiangtao
19860919
19881230
chengcheng
123456++
19880204
19840924
19891103
19850808
19860311
19870902
19870906
19880618
19850622
19870524
19850303
19820928
123456li
28845452884545
19891223
123456TT
19841201
hao456250
19820214
19821105
11001100
19890415
19891207
tt123456
cyq721225
19811981
19880104
19821117
19831117
19870122
19831209
19860306
19831109
zhanglin
19890124
19870311
19831203
77887788
19860914
9876543211
aassddff
19841202
19880923
19890912
19860805
19880918
19860712
19850115
19811021
19870416
19880517
19860108
19881104
jiajiajia
19870105
19870719
19860822
19841104
198019803014166
19880911
19890924
19880516
19860122
zc123456
19891230
19821005
19870816
qqwweerr
19891106
19811015
y123456789
19880707
zhangjin
jordan23
maomaomao
19841118
19870721
19890203
wangyuan
zxcvbnmz
19880306
19820502
19840902
1314520a
19860310
19830302
wj123456
19860204
19801225
19840918
19870712
19890618
jiushiwo
123456yy
19860904
123123..
147369258
19880420
chenming
19870124
19820818
19860825
19870313
19881009
19840312
woshiren
jiandanai
19860826
654321654321
windows2000
a1a1a1a1
19820816
19890504
huanghuang
liujianliu
123qazWSX
19880917
19860505
19811108
12345qwe
80238023
19860520
19860812
wangxiao
19850912
MINGTIAN
1234567890a
zhanghua
19891205
19870114
19860116
19811024
19831104
112233112233
19840923
wangping
19880229
19880318
zhenzhen
19880115
19840906
19890125
19880122
19880814
19880723
741236985
19871031
11231123
19880613
yangyong
3333333333
19870716
19880506
66669999
a123456b
123456781
19860209
ningning
19860928
shuaishuai
woainiya
19820915
19870724
19850822
19880324
19880127
15935700
19860605
19880106
19850216
19880801
19880609
19850415
19860818
19890823
19811218
19880624
19860901
zhangfan
19830124
19811121
laopo520
19870827
19850121
19870116
19860124
1314520123
jiok98001
xiaoliang
19850924
19821231
19870804
19870729
********
19821007
19890218
19870714
19811128
19840205
19831017
zhangrui
19880608
19880501
142857142857
26262626
password888
5201314..
19891126
sz123456
19850211
zhouyang
19860420
20012001
19870505
19880708
19880925
19840822
m123456789
19831031
19870803
1234567890.
19811016
19880224
19861231
19831114
19870415
19880715
19820925
azsxdcfv
19870307
19880805
123asd123
19850220
19880421
19811029
shevchenko
19830505
19891117
19870809
happyboy
51515151
19870518
wwwwwwwww
19890308
19811212
42011178
19880711
19891214
19880912
19830215
Lj123456
19841207
19850914
19811115
19840201
19880208
19860320
19890628
19880518
19870130
kobebryant
19860105
19840310
123456qwer
19891229
163163163
19820917
19820926
iamthebest
zl123456
m12315309
woshinibaba
19880325
dangerous
19860615
19890128
19890815
19880617
19880116
19860913
19850212
19890116
vvvvvvvv
19850902
52013144
19820822
110112119
19860218
19850621
happy12345
19821222
zhoujian
19870314
000111222
19880408
19860220
diandian
132465798
19830623
19870302
19890127
19870517
ok123456
19830916
19860922
yongyuan
19880826
jiangjun
happyday
0147896325
19850922
19860601
huangjian
38183818
20082009
19891108
19891227
19880626
zhangqian
213213213
windows1
19880109
19890303
60200946
19821125
19890916
19860302
19831222
19840606
19870607
19831223
19880110
bb123456
19840315
19830629
19890102
19880511
19880220
96321478
19860719
19830102
19850125
123000000
175638080
gameover
xiao123456
19850928
19860223
19890126
19870513
19850410
19880418
19880301
19870322
19880226
womendeai
19850623
zzz123456
19880320
19860123
19880903
19870526
19891111
jiangjiang
19840127
19830624
19860903
19811019
zhaoyang
19860806
chenzhen
19801012
19820930
qq112233
19830210
nnnnnnnn
19831119
19891209
19871130
asdasdasdasd
wangqing
19891107
19870703
19880525
sdfsdfsdf
09308066
178678789
19850510
19880806
19880305
19880321
15975300
19880406
19880907
19890405
sd123456
a147258369
19820413
19870802
19811011
A1234567890
19820809
19870512
19860206
19850701
19880314
zxcvbnm,
19890202
woshi123
12312345
19850310
123456cc
5418854188
19860701
10231023
19811123
chenlong
19880114
19801220
19880213
zhouazhou
19870711
19880629
19860602
19880822
19840915
19890813
Hellokitty
qkvpoia569
19870723
19820913
19840202
19890923
19831229
12345698
19870806
zhongnan
19821209
19831107
19851009
19870408
xiaofang
19840801
19820927
19850601
QQ7758521
19890909
19890221
19831030
19821003
19870516
19860614
19880924
wangting
007008009
aaaabbbb
20042004
19830714
jb85811510
19841117
19840123
79797979
44332211
mima123456
20072007
19891003
19840404
19840218
19801226
19840106
zhuzhuzhu
welcome1
zhangyue
19840220
19860616
19870104
19820124
19880810
19880603
19830925
19890319
19870427
19870329
19880929
19840311
19870530
19870406
19890107
19891102
19850727
19821203
19891222
19880811
19840920
19870323
19860506
19830327
12211221
zhanglong
19831002
19870509
19850725
19860708
19890901
312312312
19860707
19880423
19891115
19830929
19791001
52525252
19820828
135135135
99990000
19880724
00000000000
19880802
19850110
19850929
19850910
19880702
mm108428
19860809
qazxcvbnm
zhanghong
123456mm
19880919
dongfang
334205265
19880315
javascript
123QWERT
19890315
19880625
60729043
19890106
19880119
19830612
19880412
19860624
19850120
19890119
zhangzhen
19830922
19841106
19850204
123456kk
19891005
19890606
19860521
19870318
19890829
19820707
19870118
19870710
19850908
19841231
19820914
19820921
19880721
19830913
19860720
19811125
19801215
999888777
19860213
19860415
19860402
19860607
asdf12345
314159314159
xiaoxiong
jj123456
19870319
1qazzaq1
19880221
feifeifei
19860113
zj123456
19841222
19860201
19850618
19850107
19860416
19890801
19901010
19870713
19870718
yaho982er
19860710
19880902
19850626
19830521
19880728
19840612
21882188
19880605
19850828
19820318
512512512
19830918
19850726
xiaotian
19891105
19870222
wl123456
a5211314
19890612
654654654
123456520
19880219
19890925
19880415
19830213
19850301
19880411
123qwe123qwe
19820910
19830901
WASDWASD
52113141314
19840820
juanjuan
19860527
19860920
wodezuiai
19880825
19891217
nsnsnsns99
WOAIZIJI
19860304
weblogic
19820826
19860501
19811027
55558888
19860408
19850224
ddzj39cd9
11259375
cn835312
19870425
891023hh
19890114
19870519
19820916
19850911
19880529
110120110
huanglei
19880505
19860722
19890825
wq123456
19890601
19880714
12345678z
19890209
19901023
19811012
19850219
52571314
19880729
19830113
19870401
19890928
19880622
19860522
19870131
19881031
19890616
19850502
19870107
76543210
19840302
19870511
19830203
167669123
19890604
19840713
19850501
19850614
19880904
19890404
19850611
19860828
19870108
19880726
19840326
19870502
abwdxwtz
19890808
caonimama
19830201
19890918
630158513
passport
love5201314
19890305
woxihuanni
19880304
19870630
19840901
19890816
19820912
19860326
19820902
x12345678
19860403
19840303
19880615
19850608
chenggong
12365400
19840305
19860107
19890624
nopassword
19880906
19811127
19890520
19890821
19850104
wowangle
19891004
19860612
zhou123456
hongkong
19850202
19850801
guaiguai
19821223
000000000000
19811129
19850805
michelle
10293847
19880227
wangbadan
19880817
19880405
19850123
clens21563sf
666888999
qwertasdfg
19870428
19841031
19890220
19890626
19870309
19860109
19840116
456852123
yangming
19870805
wy123456
19850314
19890526
19870424
19870720
52113140
19860721
1234560123
19811124
bakhn524d
19830923
19860319
admin12345
52101314
19890915
19840829
19880225
19870726
13579246810
19811023
19880819
19860112
19880425
16899199
19831231
19890607
19890812
19840215
chaochao
19840124
19880512
19850126
zaqwsx123
p0o9i8u7
19880718
19891008
19850217
19821031
showmethe
19860207
19820309
142536789
19870812
19860307
19850420
19830919
ms0123456
19860518
19860428
19870409
19860114
19811120
ilovecsdn
19811203
whbs2234
19830310
19890921
zhangmin
19840810
19840229
19880117
19850312
19860801
19811223
19850103
19821114
10201020
19851130
19820208
19890311
19811210
19850903
19860802
19891007
19880528
19820415
jianghui
19860418
19860709
19880524
shengyulan
19890501
19860514
19840728
19860406
19820216
zhangshuai
19850920
19840828
19820620
19820619
19880530
19880908
19820210
5201314aa
19860115
2010comer
19860821
passpass
19890926
weishenme
19830313
19830801
19840212
19840110
19840615
456123123
19870706
546546546
123654123654
19880327
19850721
19870510
19880329
z3261678
mamawoaini
87878787
19890211
19801025
19850129
19880913
19811215
19890113
19840217
19860621
520090025hgb
19890503
zxc12345
19860110
19801208
19890613
19880620
19821110
19860305
19890811
19870413
19850116
46709394
qazwsxqaz
19880107
19840712
menghuan
19830721
51211314
19830601
qaz123wsx
201201201
19860817
19850109
19870224
19890820
19830312
19891031
19811213
19860317
wangcheng
19840424
58451201314
19870317
19840807
19860417
19860813
19890204
135781012
14725836
96969696
0102030405
19801112
qaz123123
1314520.
19890105
19860412
19860728
19860714
19850821
19880526
19830909
19820202
lovemyself
19850326
19890222
123123aaa
19860819
19820103
19820529
zhanshen
19880504
19890413
20002000
19820425
19820618
19801213
19850320
zh123456
19830810
1314521521
wangqian
zhaojing
753951753951
19880308
19840208
19880426
DD123456
youandme
5201314789
19890307
aa123321
19890619
19850322
long123456
19880914
19880725
19820219
19880404
wohenhao
19860611
19861130
19840809
19820217
capslock
lavender
19901020
19840225
19870709
19840209
axs8873w
19830621
210210210
19840813
19890824
19850210
19850918
19830713
19811226
19840501
20032003
ws123456
19850128
19841114
19820801
19880803
19890418
918918918
110119110
12131213
19850723
mypassword
19850218
19870321
70701111
19821004
niaiwoma
19850302
19850916
1887415157
zhaozhao
13093313856
19890320
19820422
19850826
x1234567
19840421
19861031
19840811
xiaoying
shoujiqb
19880616
19860308
pp123456
19850707
19880621
h1234567
0000....
19890208
liuchang
huang123456
19860421
19850209
456123456123
19840526
123456abcdef
19850305
19840911
19890327
08080808
19850807
19831130
19860608
250250250
liuliang
19890625
lilingjie1102
74123698
19860618
19820827
19801123
123456789o
19860127
19811217
19850824
o0o0o0o0
211211211
asdasd33
19890508
19850425
159951159
19850226
19850525
38383838
19880812
19890525
77585200
19870405
19870429
19840610
19840629
verygood
19830921
19850108
19820512
19850613
19880113
19860908
19890605
caonimade
19901022
19830219
ihateyou
19890707
19850112
19801124
19850221
19890412
hld_1209
19821108
zaq123456
19890615
77582587758258
19870702
19840414
19870327
19811116
19880830
19860321
19840824
19840510
1234509876
123321qq
19840504
123123abc
19811228
17051974
zaqwsxZXC
19820626
19811221
19860717
19840725
19860504
fuckfuck
19850625
19860419
523523523
19801010
zhonghua
19820315
mengxiang
19840821
19860422
aaa12345
19811230
19850304
19850315
19890219
19820829
c1234567
samleiming
19811231
19801120
19840711
19840104
19830625
19850127
19771105
19830906
jdheh421
wangbing
52331314
zxcvbnmasd
19890603
19890710
19880804
19860610
19890715
12300123
laopowoaini
19820115
19811104
alexander
19831004
19870422
19891114
19860301
19820325
19820410
19820920
19860414
wangxiang
19820127
19890321
19840721
19880402
19830820
19840720
opendoor
19821107
19850606
19890115
19830103
19860811
19860129
19830303
19890623
19830823
19850919
19890803
19880515
cnforyou
19801230
19830306
19901018
19880604
19850207
19860426
zhangnan
19890411
autoexec
258369147
12345asdfg
19830226
19880401
19781978
CHOCOLATE
19840228
19801014
19830211
19890712
19970701
19880330
19820606
19820723
19820714
19840405
Asdfghjkl;'
19830126
19840818
19890329
10251025
951753951753
19890914
zhangheng
19830307
19840919
19840814
19880319
19880727
19860513
19820119
19880130
19850609
19880513
19840226
19850317
zhangyuan
19860705
19840409
159258357
yskj33333
520123456
19860510
19880710
1008610086
19880602
19830520
19820601
19850724
19860905
gao123456
19820408
19890117
19990125
19830701
19820312
19850612
19801228
jiarenqb
19860224
19850624
17171717
19830911
19880519
19811112
12312311
shenyang
19840614
19870423
19860603
accpaccp
Q123123123
xiaopeng
19840105
5845131421
19890130
19870722
19850523
19820905
19740302
34416912
19840506
xiaoyuer
19840626
19890722
19870227
10011001
19840625
111111aaa
19830110
wang1987
19870109
19820701
19850205
149162536
19840130
honghong
lalalala
19880422
19890420
19860629
19890425
19840723
19830513
ainiyiwannian
lililili
z1231231
123000123
19870119
3344556677
19820203
19811219
19890416
19880627
19870308
110220330
5201314000
19860529
96111111
19850520
12481632
19860723
19890210
19840126
mima1234
19840904
19820720
19840927
19850122
19820821
19801121
19840227
19880112
19870528
11118888
19810101
7410852963
19860405
19890302
19840213
delphi2009
huiyuanai
19860620
seoshiyan
19811105
19870717
19850228
19810323
124578963
19830120
19840416
19840706
aaaAAA111
19820922
19840605
19830510
19820416
19890410
19850628
19830606
asdfasdfasdf
19880824
19840410
19890620
19870515
19821206
19840117
19880623
19811111
19850325
19820711
19820817
19880503
19820802
126126126
19830626
19880317
qiujingni
19820316
wangzheng
551648586
19880905
19890324
19820304
zw123456
1234zxcv
a1a2a3a4
19860327
211314211314
zaqwsxcde
19890318
19820807
zhangning
19900101
19820924
123456az
19840702
19860718
19890104
19880614
19890929
qqqqqqqqqqqqqqqqqqqq
45874587
LUO123456
19850206
19820810
fksdde7039
19880521
19811224
19850816
19830726
wwwwwwwwww
19820418
19890719
19860729
19830106
19840219
19840309
m1234567
117117117
19820123
20090101
19890614
19890709
19820401
19840505
wohenaini
huanying
520fagnsg
19830808
19820417
19850913
19830222
zaq12345
19890817
19830910
19840122
19820919
19811214
19890701
123456789x
19830206
harrypotter
19840917
19850720
951753852
562059487
19830323
19840520
19890108
sunyanzi
19890109
19901015
baobao520
112233123
314314314
19811101
19880730
19821227
19840912
5211314a
19891009
19890304
19860907
19840119
123qweqwe
19880514
zhangwen
sdsdsdsd
gaoxiang
19820813
19890313
19891203
zhangkun
123456sa
19820412
19830817
zhang1987
19820903
guoliang
19880502
aa112233
kingsoft
444444444
19860716
19880823
congcong
19840910
19850818
19820929
19810201
19860706
19850819
19840329
19830515
zsj201006
19900504
19890805
asdfghjkl123
111111121
ingtake1
19820211
19801016
112244abc
mimacuowu
19820906
100200100
h12345678
19850309
19880704
19880827
sasasasa
19870111
q5201314
31415927
19840304
xinxin13d
19820825
19890112
19820201
19840121
123456789m
1236547890
19890326
19880316
19860516
zoo-1573
abcdef123
19860411
19811007
bbscsdnnet
19890317
19830315
19850827
a89400ab
caocaocao
19800101
songyang
19860227
10121012
19850318
19850804
19890830
19890705
19811204
19850106
19880111
320320320
bai18dudu
19811109
zaglylc369
19890325
19850722
remember
19801028
19801210
19840604
19880706
19901016
xz123456
wltg2010
12345ssdlh
19860316
19860324
poiuytre
qwaszx123
07231564
0340412124abcd
19860702
19860515
19820107
19870330
19891204
19901024
19870420
19811126
19820617
liu12345
19820120
19820102
19820721
19890111
19840913
19810909
19860726
138138138
321456987
112233aa
19860117
19840726
19840512
qazwsx123456
19850114
19820823
19820923
19850223
110119110119
19840528
19860915
00001234
19850504
30303030
19830220
51888888
19860830
19840527
19890322
19890510
shenzhen
1h2h2h3h4h
ad123456
superstar
xiaoyong
158158158
19850201
nihaoma123
19880821
chengang
19850513
19811008
19890906
qwer4321
19820306
19840825
02020202
MOTOROLA
19830414
19840908
19850901
113113113
19810929
19820204
a123123a
19820114
19860509
19811122
19830725
19830316
19830114
19860804
chendong
19850506
19890725
19880713
85858585
19860711
19830425
19850421
12151215
19840701
qwerty12
19850529
19830814
19850203
19890518
19870414
19820427
12311231
19890328
happyhappy
19820805
www12345
shangxin
19811003
qunimade
www.csdn.net
19830130
198712821
19840618
19870326
19810202
31313131
19860517
19880407
19821113
19830729
19850328
19890409
19283746
19890718
19890627
19830914
19880716
WANGXING
19820109
19850915
wen123456
19890515
19850509
HY123456
008008008
13243546
123123asd
j123456789
19811031
19830311
891129aaa
19830115
19840922
19840816
zxcvbnm,./
19830718
19840514
33455432
19860627
19811103
19840318
19860424
19830917
19860328
19820722
19840617
19801130
19820121
19870730
19840115
74511940
19890726
19781028
19840108
19880322
ma123456
19901225
10221022
19820815
19820708
112233445
19810918
33336666
19801201
huanghui
19830719
19880607
asd123asd123
123321000
liuliuliu
19830613
19781218
19901019
19830812
19850906
19830811
131421131421
19830421
19890902
changjiang
1234567abc
19880719
19830208
19860628
19860604
19850814
108108108
19860121
19850803
19781010
19850227
f123456789
my123456
19860528
19801007
11111111q
123456dd
19870507
19840826
benjamin
19860525
19850321
19820322
19830512
19820528
wx123456
tianyuan
19890814
45685200
huanjue321
19820428
19820820
china2008
19850605
19850426
19820118
kxtn888cn
19820125
19880121
jkljkljkl
19820623
127127127
123456wang
19811102
19840522
a1314521
azxcvbnm
19890401
19830924
makelove
123ABCDE
19860111
19820506
66886688
19840109
19890802
19880328
19820212
az123456
19810920
19900201
19890225
19890428
19820302
33787943
19890922
12345677654321
19830615
19830614
huangyan
love1234
19840314
19820712
19840707
123456.0
19820726
12301230123
19820301
yangning
aaabbbccc
19860507
19810925
19901012
19860503
19860508
sxg007007
kisskiss
2012comeer
q00000000
baobei520
19890524
19850324
19840804
19870403
t123456789
wozhiaini
zhoufeng
13579000
19810609
66079350
187222455
19890819
19840408
19820328
01233210
19820622
19850905
19880522
1346798520
c120696363520
19820716
19820624
19801214
zxcvbnm123456
frenzy673954
19850419
123789abc
3714261985
nihaonihao
qwaszx12
19890723
68973435779
2582587758
19840325
chenxiao
zhangyun
44448888
13145211
19901990
19840324
19830105
123123000
19820128
19801011
wodeshijie
wwwswcy588
19850323
19820501
19850515
19820423
qqqwwweee
77582580
19840724
19830709
19811130
huaihuai
19811107
19860827
11011011
132132132
csdn2010
qingtian
19850528
794613852
guo123456
19880807
19840308
19830111
19830708
19850505
chenyong
19850423
65656565
zxcvbnml
0000oooo
19880717
19890505
sssssssss
19850616
19810924
19890227
19830806
10181018
19820901
kkk52789
qq520520
wodeai123
19860404
19811206
19791025
314159265358
lovejing
zhang1234
19840523
19890822
19850708
13145211314521
jiushini
zzzz1111
19830816
woxihuan
19811227
19840709
19890913
19801019
zhangchen
19830610
19890207
214214214
19830822
19801216
19890406
huyunqiao
998998998
19890629
19850712
19890729
wang1989
abcdef123456
19880705
19850604
woainimama
19880507
19830605
zhao123456
19880424
zxcvb123
woainilaopo
19850703
19890506
19820228
19810628
19890527
19820126
qwerfdsa
19820719
19820402
19830423
19840128
19801221
sunsunsun
19830112
weiyu371
19890521
19870930
xihuanni
12345678aa
3216732167
19830417
19830104
131415926
13654006821
chenpeng
zxcvbnm0
12340000
19880417
19840607
123321abc
19870117
19850213
woaibaobao
gjxhsgjxhs
881125881125
whosyourdaddy
19890512
19850319
19840703
19880222
19801023
19810916
19890702
19811002
f12345678
19850718
321456789
19820104
19791010
19830309
52013148
lixiaolong
28282828
19830927
lr1028829
19880527
wanghong
77587758
q123456q
114114114
19850729
311311311
19860119
19840412
19830628
19870508
asd123321
19840627
19830813
19820313
3135134162
df000000
19830724
19890911
ht123456
19890621
19860423
19820824
huangtao
19870527
19890426
19901011
24242424
19850409
84821742
82828282
19820426
19890714
19810926
19840502
19791228
19840428
19801027
19850307
19840323
19830318
7758258123
19810812
123.123.
19830703
19890423
19820603
19840817
19850311
3.1415926535
qwe123qwe123
csdnmima
19900125
19830603
19870514
19850329
babamama
68856636
abcde123
19810901
2582525775
1020304050
ilovechina
19901122
kk413200
33221100
19840819
baishikele
1qazxsw23edc
19840224
19850503
jiangfeng
19820218
19860622
19880410
19830127
19850829
19820227
19840812
19830818
19860613
19880323
19820419
19840118
19890908
19840907
19890513
19890121
19850702
zhangjia
19840608
19820830
19820407
19840508
19840107
19801005
cheng123
19850705
19890724
74108520963.
19820226
19901220
19870704
19810928
251314251314
19850619
19840221
13145201
zq123456
19880416
jylk1314
maomao123
c12345678
19781122
19820614
19811009
iloveyou123
xiaozhang
19840621
feng123456
19830227
w5201314
19840716
19890217
19890721
19820414
wobuaini
19890516
19830501
baobei521
19801001
19840401
19880403
19860407
112358132134
sb987654321
19791026
19830608
19890118
52005200
19820628
19840113
0o0o0o0o
nnnnmmmm
19801116
13709394
19830821
19860511
a1s2d3f4g5
19850113
19840521
19801024
19890711
19900102
19820610
19850610
19820213
19830930
963214785
19860309
12152205
19830128
123456jj
abc123321
mrf11277215
19830204
a520520aa
19850706
19830912
19820504
123456888
19820526
lingfeng
19801118
19901230
19870506
19830326
123789123
19801206
654321abc
19840710
12345678W
z1111111
nevergiveup
19901014
19830710
19900126
19901212
19860427
19830707
huahuahua
19850811
comeonbaby
19801217
19830228
qwertyuiop123
19830320
98188729
7758521.
19850511
19810923
19840316
19890429
sunflower
xiaoqian
19850728
19820222
admintus
zzzzxxxx
19811205
123456789aaa
123456xyz
19811202
fuckyou123
19880409
19850620
19811208
19890414
19850422
a123456.
WOSHINIMA
cinderella
tqtwffgcc
19820405
19860322
123qwe456
19820518
chencheng
zhangcheng
y1234567
35353535
826826826
19880630
19900520
19840806
19820516
12345678@
19801128
5201314q
19820206
19880413
b123456789
19890223
19801211
19830522
19850519
19820725
19840322
a123a123
86680101
yangpeng
19820105
19890708
12251225
19811211
19900214
`1234567
19820611
19830404
wangsheng
19850406
19820424
19860530
19840529
19890403
12345qaz
19820710
19840714
19860803
123321456654
19890917
000000123
ddddddddd
123456789000
16881688
19830217
a88888888
19840623
19890519
19830903
xiaoqing
19830223
831101qsl
19850802
19850521
11121314
19860727
19840611
zhang520
19820728
qwe123asd
19810824
19791127
19840517
52771314
19830117
19840722
19840903
19820209
www.163.com
19820215
19850627
19840905
12332145
19830325
1qaz!QAZ
19860330
yesterday
19890609
wushuang
19850717
19901026
1231231230
19840206
2718281828
19830602
11201120
zhang1988
19801129
19850719
tblkspthkr
19840306
19860409
19840103
369874125
rrrrrrrr
eeeeeeee
19850602
19830620
19820621
19860413
jia123456
19840418
CATHERINE
19850812
19860524
19801015
19830225
19810902
2870873859
19820320
woainiaa
19810808
00001107
19801003
19880131
huangxin
evangelion
19840525
flyinsky
19820627
19811229
19801026
19801017
confidence
basketball
wodemingzi
19830528
xianjian
woshiwo123
suzhou@562718
wangfang
19850527
jin123456
19820527
19791101
54545454
19830904
19830301
19890402
520131415
19820612
OOOO0000
19830429
325325325
chenglong
19781226
z123123123
jasajasa
19791220
2wsxcde3
19820907
19820615
19850629
19860222
19840301
7758258a
a123b123
19811220
ff123456
19900206
7418529630
52013143344
19820420
19820129
19830627
19890522
19840802
19781224
19810919
19840613
zero696295
12345123
7758258258
19791030
1234567k
j2mv9jyyq6
19820519
19901218
k1234567
19820908
5845213344
abc147258
19880831
yangfeng
8975789757
aaabcabc
19830825
13245678
19830622
19840916
19850530
19840319
19830406
Love2008
20100101
19840320
000000aaa
hj123456
19820403
102030102030
19781123
19890610
19801107
lixy12345678
thinking
appleapple
woaini00
800800800
19860630
19850617
19830720
dfdfdfdf
haha1234
sh123456
19811114
19830408
19890226
19860225
19801103
lmj12345
110110110110
19860526
19850709
19820715
124578369
hao123.com
19830412
19840622
19830504
19840422
123456zzz
19820308
DINGDANG
hathaway
18273645
19890523
zhangfei
qqqaaazzz
19810823
19830819
19901030
32103210
xiaopang
z0000000
19900624
19801125
19840718
19830308
19781021
19830618
19781128
19820709
19840112
19820904
102102102
qq0000000
19840624
happiness
1234aaaa
19830604
feng19831
19820327
aaaaaa11
AAASSSDDD
646656xz7
anainima
10261026
19890827
asdfghjkl;
19830611
19820514
886886886
19840827
19900526
19880429
19840313
19850615
123456789987
11119999
19830129
boshigangchang
li7xi9bgn
19890903
19801126
19811030
19820106
19890517
19820811
19830305
19850208
19830803
19830829
19810217
198198198
xiaobing
3.141592654
liangwei
javajava
19890810
19830527
yuan1234
19850416
zhoujielun
19791123
19830525
19890704
19850904
19830514
qq7758258
asdf4321
fangyuan
19860502
11qqaazz
19830212
770880520
19890728
19830506
qqqqqq11
19830702
19840513
19830224
qiangqiang
19850306
19820305
xiaohong
11241124
19840519
aspirine
000000QQ
19820117
19840729
19901120
z11111111
wd123456
19850316
789852123
19820307
m12345678
zhou1234
aa5201314
19811201
19840515
zxasqw12
jackjack
19850428
19840914
ilovethisgame
19840620
00008888
LOVEFOREVER
19830619
123456678
liu5201314
19860519
24681012
19820713
wowowowo
19900818
19820116
19830503
qwerrewq
woaini123456
19840704
19830427
lu123456
19830824
19890511
19820409
888888889
````````
19890421
zhangXIANG
sjdf2ghjt
19820314
19771027
19900123
19830207
19850810
618618618
jfjscy8767
19860429
19890611
67676767
19890608
19830402
19890703
19860807
19811207
19850313
45678900
19901227
lp123456
woaini2008
zhanghan
zxcv123456
19870426
gertydrj
qqqq1234
feifei123
19850418
25897758
139139139
napoleon
19820406
19830526
12231223
han123456
hello1234
shenshen
8866810635956388
lx123456
19890905
1234567z
19820705
zhangqing
19840429
abc5201314
19820323
11123456
20070101
118118118
19840518
19890720
1rtj689d
19810214
19830324
asdzxc123
detective
123456ss
19880703
19888888
753951456
QAZ123456789
19820520
qazqaz123
326326326
112358112358
woshinidaye
250976046
896352639
qwer12345
christina
19830407
19820524
zhangyao
19860313
19870407
jianfeng
linxing7778
19830905
19781212
12345678abc
19830328
12345699
19900216
19850327
maomao520
04230423
19901027
19850408
19820110
19801021
wsadwsad
abc1234567
19811006
19820421
19840125
19830317
19811209
19850411
19850514
12593000
lionking
19840426
98741236
1234rewq
19791224
dldldldl
mhh123456
19830422
19830711
12365412
619030475
520131456
19791111
19820303
19801110
yangcheng
19830123
19840403
19890408
nuttertools
66666688
19890809
19901221
wingzero
19820221
cd123456
19840609
19830902
gg123456
guoguoguo
mm5201314
xiaoxiang
131420131420
19901125
aaaaaa123
19840628
123456789s
19840327
zhangdong
19801008
zhaopeng
19820319
415415415
19820523
19810828
0000000.
justlike
zxc123zxc
yan123456
hao12345
1305821983
19801119
jiubugaosuni
19810610
19830712
054821054821
19830705
19810325
19900811
19801111
19791214
19890529
cisco123
310310310
135246789
AAA111111
shuchang
a987654321
19900329
19801223
x3561668
19830108
wodemeng
111111112
27272727
19811222
19890502
19890224
zhaoming
12191219
19900512
wang4040955
13143344
19850730
123456**
19890907
3106028011
123456789!
410651410651
huanxiang
aaaaa11111
qazwsx1234
00000011
19871271987
qaz123qaz
19900104
19811110
19840516
19830607
19880331
19901215
he123456
ac123456
19900118
33334444
19840131
1a1a1a1a
19830827
19830728
20021212
zcwdclqscll
19901211
19850507
pojaablog
hehehehe
princess
liaoliao
19830508
www.baidu.com
fengling
19890622
19851031
19830507
zhouying
19840328
19830807
19840321
19890706
qq123654
13145201314
taotaotao
abcdefghi
19801013
19850524
zhang1986
19850817
huangjing
1230456789
f246865h
731731731
19850704
19830329
19850806
123abcabc
19850429
19801219
19781015
19901210
19830109
19801207
JI394SU3
19791119
19901124
19810521
lxsz60652
19781121
jianqiang
19810927
19830828
19790909
19820703
19801117
19820113
123zxc123
shuijing
19850714
nihaogxfc
846528ydt
12281228
19900110
19840222
19830121
19820625
linlinlin
34567890
choupiwang
19810312
19810912
19840705
19820205
19850222
19810801
wwwuploves
19791028
19890419
19820521
index0088
19850518
88998899
19890904
huanghua
fy641213
fengxiaofeng
19890716
78951230
12111211
jason123
19840715
19890804
0932313521
19820108
19900320
a0123456
19801106
gonzo1982
19900513
19830524
176219444
19890717
19811117
yydq1234
batistuta
showmethemoney
19840223
jiangjie
08290829
19900215
19801029
19830216
19830405
19850522
135521234
51885188
19850414
19840111
19830116
19900510
19791102
zhengwei
3.14159265
19811106
19790630
songjian
19830411
liuxiang
dddddddddd
19890602
34343434
19840511
19820317
19840407
liuzheng
19901224
19781211
19840423
19890417
shuishui
19811113
*963.*963.
123a123a
onepiece
19840603
chenqiang
chenying
csdn2009
123321ww
binbinbin
19840411
19840417
516516516
19901206
19860703
engineer
19820608
547896321
19791128
19941128
19800405
20100000
jianghua
jing006010
11251125
07070707
1r2t3y4u
19830314
wangwei123
zhangsan
19781111
11223311
12241224
sa123456
wangcong
19830716
22221111
admin123456
jiangshan
zhangmeng
123012301230
Jfew3289
19801127
19830722
19801114
19781012
windowss
19801102
19840507
19820819
52111314
82468246
19800819
zhangzhi
19791013
viewsonic
aaaaaa5061313
19901028
nishishei
19850225
19791024
maenbin1234
starstar
19880531
19830519
19830826
19901017
gutengda
19850330
zxcvbn123
YC123456
wangsong
a111111111
789987789
19860617
liudehua
19811005
1236987450
zz123123
19850512
526526526
19840415
19820607
19820602
133133133
19791226
19850117
10020000
shenxian
305488940
19830518
63636363
174292xy
19820605
123456789qwe
19830321
19820429
19900205
123456@@
xingkong
19850111
19840803
shinichi
19830401
218218218
19900801
xiaoguang
19801218
19810921
19830809
19820505
19850424
19840307
19760620
garfield
52000000
411192710
06060606
19850130
showtime
19791020
weiwei123
19840708
19820404
19820515
19781001
19830704
19791021
12141214
19840427
335201314
19840114
19810723
19830805
19850508
zhaoliang
99819981
syncmaster
135790135790
110120110120
19901214
wz123456
19810910
19900113
123qaz123
19820729
asdfgasdfg
1985111802
19850607
19880414
19791022
19801108
10161016
5201314abc
jiejiejie
36987412
11271127
19781225
wang1986
cj123456
19901002
753951123
19810304
wangshuo
12345asd
19790318
19830727
19840602
19850308
19850907
5203344587
19810922
wang1985
748159263
19830122
zhangxiao
81818181
19900124
ffflufei
19810915
61616161
77881230
19901013
ddzj49nb3
zhongguoren
ilikeyou
19791027
200802200802
123456789p
19880509
12345678qq
wodecsdn
19820310
kissalan
lz123456
zmczmc12
50206735020673
19900108
aidejiushini
19850404
19810905
33123456
12031203
19870331
19791104
t839k241
19830715
198710086
19820510
19810911
19840419
Romantic
128128128
p123456789
061112abc
19860425
19801122
45612312
zxcvbnmas
lw123456
19791979
xiaoping
221221221
123abcdef
19900820
987654321a
19801022
wozhidao
19830502
5213713752
729729729
sherlock
24682468
zhaojian
19890713
nihao123!
icecream
19781118
12340987
19820704
19850715
951753123
19810620
43420024
XM123123
19900208
19820220
19810826
12345abcd
19830426
kingkong
tinglove
19830908
131452100
19850630
19860609
qazwsxedc123
19840509
ch123456
xiao1234
19890407
tianfeng
as123123
19900227
19900203
19811118
52113141
19830517
chrdwhdhxt
10111011
19830907
1234567809
19840317
chenxing
19901021
584334421
cj7152821
quanquan
dby123456
windowswindows
99996666
19830419
jingling
wiii2ds1
qwerasdfzxcv
19801109
19781126
lovecsdn
19820130
19810621
19890727
baobaobao
53589793
liwei123
q1q2q3q4
loveyou1314
happy2008
1234567890-=
19901126
icandoit
19830617
19840616
19850417
19801229
19860704
dg123456789
19900105
129129129
19810310
19801009
woshi007
19840413
00000007
116116116
19810930
jiangbin
champion
876543210
24681357
19810825
19820613
10000001
scandisk
19850000
19810618
19810221
19811119
12346899
19830221
520131411
19810917
19830304
2wsx3edc
dadadada
9874563210
zxczxc123
77585201314
19820718
123456ly
01478963
19810606
510406030
birthday
welcome123
19850427
fengjian
xiaozhuzhu
19810203
16899052
19860221
1z2x3c4v
fishfish
zxcvasdf
19860323
19791012
19840717
yy5201314
85411165
19820311
19791015
19781026
521125521125
19850710
wodeweilai
19791023
19781025
jinjinjin
fengpeng
19781023
13128255707
521521521521
19890617
happy2000
19830616
19890430
19810601
110112113
dajiahao
hangzhou
19791008
123321qwe
19900505
trustno1
04061018
cy123456
852741963
19900916
xxxxxxxxx
asddsaasd
19830516
CZ123456
87651234
19900516
19781230
19850402
19810307
456123456
ZXCVBNMMNBVCXZ
19810623
19810720
19890507
159357159
1234567.
19810228
90332773
19801018
000000001
y12345678
023023023
19900523
19850526
194983521
56785678
19900707
ssssssssss
19781210
19801205
13919936479
19901101
wc625799
19820503
justsoso
19830804
123456789..
19820806
19850813
lc123456
01314520
19890509
19890630
12101210
75395100
77885210
254044375
19850413
19830415
19830706
wangkang
95959595
hongjuan
19810527
19850119
19820803
z1x2c3v4
19830330
19901117
00724015
19830410
19820122
0000aaaa
19901130
01234567890
19840503
wwwcsdnnet
sleigh1368
19900525
19781220
12300a00a
19820324
19810301
professional
19810619
19900321
zhangping
aceracer
084119084123
19810815
daydayup
19901105
19900503
19781022
guangguang
lvfeididi
19791218
mlf12345
0p9o8i7u
19890422
yueyue521
19900219
123321aaa
wangling
10211021
19830125
zhuang123
19820111
569874123
19791120
19781018
liuyang123
xiaojiang
chinachina
26511314
d123456789
1314520QQ
19901213
cx123456
19810116
andyandy
316316316
b12345678
zhangting
ruanjian
zhao1234
aa12345678
19820804
19820629
ww111111
456852852
woaideren
19781011
shandong
fy123456
aaaqqq123
12021202
141592653
lbjx9j11
l123l456
19900301
987456123
ericsson
520131488
xingaixing
00112900
xiaochao
19801204
t1234567
19900213
19820329
528528528
weiwei520
a77493618
54185418
88888888A
jianglei
19840805
19810306
xiaomeng
zxcvbnmasdfghjkl
lishuang
19820724
cocacola
cheng428
000000..
19840619
langlang
19820411
19820330
woaini111
ls123456
20042008
zxc123456789
790297648
19820717
19830119
success777
nihaihaoma
19810816
19810510
19791108
19791217
123456111
k12345678
19820525
hx2010seo
liucheng
123456ff
19900109
sky123456
tongyong
66700388
13628792658
k123456789
abcde1234
19850516
123abc123abc
555666777
19810126
19801105
203203203
19890514
13142659
as123456789
wodedipan
XiaoWang
abcdefghijklmn
hibernate
19900228
19801224
19781120
45683968
xm123456
woaitl520
520131499
12347890
19781104
19830529
19781221
19830118
lightning
19771126
19830416
19901008
19781223
14725800
hengheng
rifhv123456
19781101
zhangbing
74185296
852852852
318318318
184866884
jinsheng
19820112
asd00000
liujiang
159753159
19900314
19810121
jianghao
Sina.com
19901123
chouchou
85602222
19791213
66667777
19840524
492357816
abcdefghijk
7758521000
19811004
197912wsr
19820702
19850716
5201314159
chenqian
88880000
19810705
19781215
19830107
huangkai
19790916
FANG123456
huanghai
123456www
shenjian
19771010
19850713
19901102
lz11180607
goodmorning
haha123456
wh123456
19810416
19901029
2999811983
123654aa
woaini110
woaimeinv
yh123456
iiiiiiii
74747474
19801231
19810212
19900824
20072008
YL123456
135791113
tang123456
19791208
1234567895
iloveyou520
19810425
baobao521
system32
xiaolang
19810712
sx123456
19850118
19840930
13456789
124124124
07742216
feifei521
33338888
19820616
lb123456
qasdfrghy1
19810219
123456789999
e65351656
19810311
wangjuan
19870430
xiaobudian
19830523
woaibabamama
19791109
19900312
19810206
456852456
t12345678
19820609
yx12345678
qingshan
19781116
19810707
19810528
programmer
11122233
caonima1
19820530
19810119
19830830
19840730
qazwsxqazwsx
qiaoqiao
19810617
woshiyizhiyu
19810719
19901001
wuyongchong
qsd34678321
19900910
748748748
04200116
wsw800168
19900306
19830723
logitech
19761976
12345678x
7215217758
19791212
0123654789
yangxiao
10191019
19901129
136136136
rootroot
19830717
tianlong
84423196
xiaoyu520
zzxxccvv
19830428
19880619
12171217
yingxiong
19901115
cao123456
19900209
a11223344
19901128
daohaosima
21436587
19840402
19790315
19781113
aaaaaaa1
sunmenga1
19901110
11011101
FAN123456
19810813
19810721
qw123123
jiangyan
30798764681
19801115
pass@word1
56781234
qingsong
12351235
19810124
614614614
19810627
marlboro
yangling
xiaokang
19810314
weiqiang
12261226
jiangjian
19810318
huangjin
19900207
wangyonglang
19830609
19810504
112233qq
6668881204511
jiangxin
13530023404
7894561230.
19830424
hhhhhhhhhh
1a2s3d4f5g
explorer
cai123456
19810320
19771020
wwwyhjd198cn
zhoujing
xxx123456
19901111
tc123456
82537724
517517517
668668668
lh123456
12041204
jennifer
111111qqq
s5201314
5201314584
19790822
huangjun
010203040506
woaiwolaopo
aiwosuoai
545007273
xiongxiong
kongkong
yangqing
Hellocsdn
19781203
c3df32ea
19900218
123asdfg
19900415
19900122
123456789b
789512357
sw123456
A123456789a
yangshuai
19820508
19791105
19870831
yangzhen
52100000
qq5211314
19890427
03030303
19810213
19901112
wangjile
19800312
19781228
1593572468
12349876
w4cuvji2
youloveme
19830420
beckham7
woaijing
19900711
qa123456
19900211
lk123456
5845131420
ai123456
19890528
65432111
7758258520
killer123
19850401
yygjmy333
19900718
shenlong
8012160713
XIONGWEI
eyesonme
question
20092010
319319319
89080620084
qwertyuiop[]
19810629
19791125
624624624
sunupsun
191154120
19791225
19781112
584521584521
19800613
19900202
7758521qq
yuanchao
woshishuaige
16897188
system123
9632587410
redapple
19900217
8630516boss
jianglong
19790203
zhang521
19810817
19810624
2876180com
simileplun
00998877
19820207
19810711
4444444444
javazfj1jie
happy520
100000000
502502502
19820517
999666333
19810412
yangbing
885201314
19850403
20080101
ty123456
19791229
06124308030
19491001abc
zhangchi
19791019
19901003
2269439999
19900210
521125521
19781202
15890193764
19901127
woaiwodejia
012520wadll
qwedsazxc
19820321
122122122
19820604
qazwsx11
58080596547
happy2010
zhangquan
doraemon
19870531
happy1314
19810701
woaini12
19850930
xiang123
woaini99
19810626
shuangshuang
27182818
19800812
xiaotang
0111424dd
liushuai
abc651114
19830511
23242526
19810327
111111222222
panasonic
maikuraki
19781115
xinxinxin
happy2009
zhan1234
19900307
19850517
likelike
19791029
sl123456
19800216
123987456
19971997
zhaofeng
4294967296
123456lj
liverpool
19800916
woaini123
123456654321
ffffffff
1122334455
12369874
1234567a
12345679
123456aaa
buzhidao
weblogic
weblogic123
11111111
weblogic123456
a1s2d3f4
rysj2012
147........
258........
NI610B
yyihacker
cnnsc
LN 123456
kisslove
zhack
369........
lele
xiaoheihacker
0001
111
wza.123
mumaasp.com
admin5313
van123
xindongsk.com
19901220
19860625
ty
hack
hackerxhzz
dede-theme
0002
yu
<
>
-
=
0003
0004
0005
0006
0007
0008
0009
425848597
YXHK
backtrack
dandan
88
Alice11
wanghk
dengxiaopingdashen
admin21
2b
EC10010E105110
act262
QW!@#
77600145
meng
heifeng
song
ht00
fan1
199
wojiaoshen
tian62010
fhqyvi
******
lolita
XXM@5201314.com
meizi
pw
woshinibaba
wosyuanxiao
hackyong
fmgl
331698320
lyt
110
TNTHK
5201314
china
584521
nohack
45189946
baidu
chenxue
and
Aszo
cnot
xxoxx
rinima
hkk007
chengnuo
5556661221
123456
wrsk
54321
654321
535039
000
darkst
jcksyesHacker
jcksyes
jinjinWebShell
sq19880602
jtk2352
killEdu
123321
hacker
haode
chuang
981246
et520
winner
20080808
ceshi2009
rfkl
jing
847381979
mama520
13572468
lovehack7758
dangdang
96315001
yong
noid
caodan
axiao
yuemo
bzxyd
tonecan
3est
sin
ghost
xuexue
webadmin
yy520
hehe
beyond
hack19
zhu
2012
147852
mask
chengmin
linyu520
007007
hhtzgh
xiaozan
jiejie
13822642918
yanhua
latcue
qqq
542531
xiaohao
lin
hack121314
xnhack
13311
suanle
123456jin
wangluoheishou
697467
yangxiaochou
131524
soojoy
1273568669
4422663
tianshi111
leihen
skull
8948752
Skull
root
r00t
admin!@#
admin!@#$
admin!
admin!@
admin!@#$%
admin!@#$%^
hucxsz
HUCXSZ
</form>
xiao
xiao5
admin2b
qq425848597
since
pys5936
wbgz
cixin
fuckadmin
hackdark
since1999
since2012
wacenaigo
adminasb
178014451..
61057
admin
bkslash
argv
SBST
cih
CIH
qwe124
987654321
x1
518518
abc321
ssss
1208
xiaoya
33890
ysyoubi
heiwushi
860074
nohackerbad
nohacker
UM
zgd
sbsb
honker
kucha
hou6364
buyi
132333
weiye
496346361
caonima4
sxl1992
1313
MxiangZy
nick
1
abchin
a
kevin
longyuan
m
b
c
d
e
f
g
h
i
j
k
l
n
o
p
q
r
s
t
u
v
w
x
y
z
5584066
yxy
xiaomage
85985
chenyi
lyc
1991212
mydoor
skwr
912500
1111
HSQ
chao
chinanet
lost_hero
love
baidu.com
woaini
9452626618
9989
wp_jx
5
abchina
qiang
xiaoyindanteng
maohou
killer
XYCNM
iamd3d4
baiduyouhua
lions
908677649
hackcy
haoqing
8428
admin1
zeracker
123456520
7369983
hackhl
popowk
ff1
exeHack
cmh147369
NULIZHU
fangjunhui
852255
www.cqtoo.com
fuck
xz.
**
1qaz!QAZ
2012bhezuo
heczhuo2012
sbadmin$
ahezuo2012
admins
tang
cn0xsuc
mrbig
5450_
495861595
1qaz2wsx
az422325
shusheng
599783
admin110
8686
429
4324663
uiko
eeeee
yanghai
bhezuoaaa2012
37heuozaaa21
hqg
fou
ly
37hehezuosa21
hack1990
hezhuoabc2012
host
hcdaociyiyou
2008
starbaby
520
weilizhan
baishikele
admin888
xue
258468
640325
111222
kisslwl
986072190
5174187
caonima@123
1212121
9510
5450
lemonTREE
zhfblue
130130
kevin@123
fuckyou
fuckyousister
henry
sys123456
zixuan
243222
opopop
chouxiaozi
Dkillshell
hackdl
UMSH8949
889950
coup
Angryboy
Angryboy*
loveduck1
baimeigui
9
88385850
admin0
123456x
54188
xxxxxx
jj5144929
S.Trojan*
502
foguang
cracker
maya66
123123
luobo
2234041
6950018
axing
hackerxl
689264
shell
xoxlil
exeHack3Kin
admin123
zero
xugeh1999@163.com
x2b
oo00123..
jiujie
qaz521
tattoo
WUJINGQUAN
8460032
adminsb
95599
vv
yangyang
48592
nishibaichi
xiaoshu*
"
12
12and1=1
12and1=2
7daiyongheng
19920528
911300
zuanjie
qianyue
zunshao
weirdsun
awen
xueqilin
5921
xiaoc
sbhack
1314520
sb
adnin
hackanby
dan
slaiwl
woshiyizhizhu
sbadmin386
hackdingding
000123
12393123
nizhenyu
Script
246855qq
tianzang
wangbo
4882265
yaoshi521
baoli
sb250
soy
index
wakakarile
farmer
suanle.
kossin
kevinisgood@123
adminlihuan
5824485
oday8520
722248
heiweiadmin888
13421580161
23
zy
521837
cherishtang
38753
yelao
19950921
215632
839675010aa
hackxiaotao
heimao
yin
928505054
fenice
yk
wo
lovecat
7234112
admin8888
wlana.net
0.0
QQ191029886
chuyincrazy
hankai
930508
admin111
asd*web
hankai95599
*
cf1230
Hack7711
i@mkiller
wuer2011
zcy80382363
7j.net
aksqliupei
uu000
h4ck3am
asdfgh123
563975491
keyinwang
z371601153d
www813
th@nks
6550771
jie
8420407
qq296471901
qq954101430
laodeng
pangolin
www.qingxu.com
77344098
adminfa
selectwebfromshell
aaaaa
caijiache1
mymuma_admin
sxmd
hackbyL
110a
0000henduo0
zzwl
linksys
41388482
shandian
kiss
2411
599023896
Cnhuker-Ker
*123789
asdasd
hack200
baiduwocaoni74
2010
woshishei
1007
thething456
1303098896
7788
jianlong
mywife
yazi
1996214002
cmd
showcctv
ziao
ju1213
77520
2211997
caonijiji110
adminadmin
8800
jcaini
0
3088582
2125090
hackxiaoxi
baichi
huahua
506
1467999
!@#asd
5112
955006
aishang
zhuagou
147258
82834348
yilu
niu38
anzhu
9527
vvvvv
198937abc
lixiang
7
xcbwxy
sukiler
7758258
zzzaaaqqq
1818
163.com
zhouyl218
7895123
webshell
jbb
holy28
nidaye
xiaofeng
hkmm
349795461
fuck133
516518
a123123
Rascal
sdfsdf
only
19851230
guihuan
333
qwe
chen
379078012
dingzylu520
muxiaku
Google
hello
123581
music
asdmin22446688
123qaz
bs
mimads
wangxiao
xiaoyang520
lihack888
962464
left1989
581513
tiantian
#753369
harley
tsyj
2009
qinqin
liuliu
1.21121E+12
984674862
1841562
1314
ceshi2009qq
xiaobao
1987
nihaoma
bear
xiaoyan68
xiekekevin@123
yjq
247710379
mahe
laobai
bushiba
mark@zhu
16897168
21472531
8923
2599
gucci
1121
akg
fc03112
1.20914E+12
hxhx
freeast
yeyuhack!
dark
121322
tao0921
1234
zpadmin
978332153
jj520jj
76025
handsome
8954251
zxl
5542015a
12111
forget
225588
hxw
3328
596861877
13144461
hao
JimoDao
c32
gz
7477917
luozhiwei
147258aa
seo007
vip
tt
8.4607E+11
nihaosb
bobo
hack1314
laj1o0
777
qn888
6625958
shitpowereasy2006
5.20131E+14
yaoxiao123
1992
6390220
hello123
xiaobin
9874123
#test
kaiter
woai2008
379920779
sdj
wangan
heikexiaodong
kangxi
fuck3306
anshack
999
zuoye
6250981
hanghang
dns
54lizhijie
asa609851972
3344179
248646
hosty
111111
512
aaa
xiaolin
842811
heikeyh
hack66
678891
7834115
3221888
heimajia
19880829
hack125
xx123
huke
qwewer
zhang
cnwebshell
119002602
fuckyoumama
yanjing
1973asd
89694959
shendao123123
henry@@@
st999
dragon
shitou
ruohan
dange
zzx
1232813
123654
ren
yzp
lnalife
940302m
wykyang
cctvgo
eycgj5!1
kack
heise007
w583017
matt
851022
xiaosheng
jianhen
ying
hehaifeng
hack888
RulyHacker
5201315
zbqls
3182145
521125
1230871
jx119
254933568
24657910
6507525
happy
huanglin
feifei1993
12580
log
silence
youhua123
longxiao
Freetest
520121
xiaoxin
fack
18490777
40627
wangzi
1989
QINXIN
20738118
#
sai
792217135
lovebing
5747970xxxx
13569134135
74520
banlulu
680807
xiaocheng
buzhidao
theying
lec00520
hukeke
hyj123
yy1995taizi
cs
2010vip
147
lei
hiadmin
rlz
xiaolin!
sky0926
12345
yeyuhack
amalajisi401
mm
82488
586334
hack1990.com
.
password
sinxiaoye
helloworld
uikoaba
hackdream
hackxl
hongyang
hanxiaolong
881211
520520
215489
woailuo123
1992724
alexlouis
bingbing
648879852
lklk
forgiveme
sa
1022
168888
happydjzq
madman
black
luoye123
2791600
wuzhe
90616
12213514
endover
Qzl151727
51496419101
ilovecy1314
59336356
op
hslm
381639825
nimade748
hidden
yidianyu
qingran
524160
q11w22
1231233
xiaokai
142536
cao
zyr123456
ouou
hackcc
hjf1987
admin020
75289346
253983401
7410
xiaoailove
maplelee
121314
windd
chenjun
tingfeng520
569471380
yinshen1
woshishui
hackfs
#NAME?
chuan7423
110120
buzmdong
7v
twilight
12301230
1988812
545882722
qwe520
jingzi
52456
a123
8656739797
zxy1110
cange
200325
991258
709394
harlan
155126845
kill
6682499
aspmuma
213213
4848748
heimao2001
8888
3209283
yuanyuan
60
rrtr
350214hhyu
jks
123520
test
831213
karen
aiyan1314
zhangshuaixing
edtd
luoxue
tsingfeng
120360047
2
2861872
12590
5066977
yang
707145
914
2131321
417247
liuxiang
king520
1262643839
987
xinsuei
ahuyangok
hackerzyx
6621469
yishao147258
cass
0asp
dapao001
hudy
159
ty3112
33201314
pcs
maple
abc520
lm
windows123
724612
998068
414006380
9.61272E+11
Crack8
aspmumaaa
hkh
521433
lyke@!520
8680367
wocaonima
asd123
121as
hackbojue
lmd3395093
798
redshaman
xkd
0316bl
heyuehui
#wode2010
ak47
5721839
lyh
baidupro
a364205
caonima74
4860529
906
1138097393
moka
anliu
360
huiming
redstorm
a19870307
xiaoze
a8546566
ver007
2025978
haha
net@net
system
def
maizi
789
84460965
5203344587
adminaaa
a456
sbcaonima
zhougong
left
HEIHEI
hack95
123haha
1125
cuipeilong
caicai
zhy
tianya
weiwei
123456*
qiaobochao
user
hei
tianxia
112233
bluehack
hehouyuan
496500954
jimo
1223
100100
hack6041551
fengzi
ajaj
8259
67898902
nimujiji
6555788
kldrsw
sasa
911234
17193493
av
52018336
sea
52dbd00
xgl
xjiang123456
andy
admin302012
duoduo
))
you520
1992310?
sss
52hl
666666
X2J
wushiwang
egg
xiaobin@
hfclvscl2004
901220
956823
1015qin
xiaonu123
19881210
688888
811023
bianguolong
lhlagr
panda
cuaini
lfoptk
rile
walp
147520
1218
412724
201088
92242215
lfoptk520
qwedsapk940
12356
long110
270787170
haohao
199012
940208
guohui
949812
8299352
qwe213de
522500
qweqwe9993
yuletianxia_rand
love0318
123741
jiandan1996
31415926
wy
Hunter
sahack767311791
luyan
baidu12
csh520wzn
shenhui
sq0301
anzu
95621
hackzll
sthacker
qjwqr
yingzi
19871010
zfs
xf
kooice
690504
jjang
buyaocail
@pl
87966550
199561279
860608272
liuxing
11111
woaizuozuo
510494
sexinsex
end
xiaoxu
whj
x123
376544963
minzi
8
alexhacker
ceo521
xiaoxue
****************
65585626
ha
88888888888888888888a
caihao
123324
yixiao
521
810076219
love.song
5831616
82590637
wang893582668
liyuru
jj
qq530283046
115555
1231
huenke
anubis
calvin
CNHK
loveyan1314
tangwei19921004
qyjhl1
worinima
155
133tonghui
ox
xiaoxigua
278
681115
123456sjj
loveyan
chenmo
8462277
xssyhack
amen661
xiaojun
kakc
338918
鐝
ker
z123z123
an75
5588
xiaoyang
keni
aiai
binzong
heiying
fuck,duck
690
krbl123
admin520
2857628
hackzms
xiaoluo
511022048
fuckss1314
14238756
meiyisi
weixiao
kanan
pingqing
8998815
huihui
huasheng23
hongxy
nopkill
964299095
1478523
1234567890
code
1314521
soinlovely
1324520
Icechen
5961512
ZxC159753456
ccca
yellow
xiaozi
tzd
xiaoxu321
si1ence
t6
绠?鍗?96
guoyunhaizhangya
xiaoyu
renxiao
9498346
admin11
zsc21298068
goyelang
damothor
caonima
admin333
218419
5667626
fucks
leilei5
qianyue2691
584078136
99
hacker111
heishijie
jsjloveqx
kyou
1102
liuli
123007
121314521
101
huoguangzhong
caonijiji
133135136
12qwaszx
fuckbaidusb.com
81001818
553***492
5203344
chinaclj
xo
guiying
3160
googlehack
datxuan21
3d6H12
val
abc10320766
461830804
can
xxx
lelehack
20121314
admin5
379891987
xuqiao
dengbo
19931205
8220244
386863933
dupeng
2012hack
safetest
west
725
tao
393151070
bing
heilanghk
admin.com
xiao0
allan3
fahaosinianzhuanyong
wolaile
3599
shit
sq0802
hackhack
comeonbaby
135
520girl
bai
649510169
guojia
feiwu
jiangyin
zzz1
nannan
960310
qwertyuiop
11223344
a007
86787013
baozhi007
aa
exq
2631102
nishishui
857194
condor
hack52
hackerufo
150
xueruan
huitailang
88888888
hezhengliang
540220230
19941007
i5ON20
heiye
xiaomabi
4069315
smilebomb
evil
quan
f4
1183218333
ming
z94211
ytywpyty
790043207
hlqqq
350124418
22397251
worinidaye
55446135
vernon
213
#001353
xiaoye
19830303
122031252
xiaofou
zxzxzx
hack555
kemm
CK
VPN
xiaoding
fuckss
41553474
red_bean
qiyue
xiaohuke
14
wangjing
sbhun
ye
1211
xiaobai
menlin
245661320
1792860
qq
heidao518
shen101
4625326
xieke123
rs520
881688
mimashisha
714831
huibi
3253220
11=2?
13
19970401
liu
1995115
19880426
601608693
qw
520110
19930707
5310994
xxyy
199123
norain
binye
w123.a
weilipin
321321a
p369c258
chen2008
annew
1258
yy
918
aleax
Jer123
smily
zdq!007
19818
fs
lovexyz
lu66016
a123456
mengzeng
xiandu
1357913579
daocaoren1
wfs
5488142
xuing
pann
weiaiyang
zhangyuefen
admin624
cctvcom
zzzzzx
asa12869
123456qq
774677770
77169
tom
664938520
qingkouhe
adminhack
860622
#xiao
huimin
760901
375648529
3310
1990
guoxin666
admin889
xduo
缁濊壊绁炲伔
321aaa
fa
528862
laji
584520
admin838
adm
hack521
Cnak
17729471
1598753
ln
yuanpeiwen
336699
375898981
sb456
yh19871010
hao1234
6303
woshiyouthhehe456aa
12345678
moqiqwe
guojiade
bmx5wan
19960526xiaohong
1124
hudie
110120130
963
570751460
#huaiyuqi
398129
muxiau
599023896huenke
IvAn1A
321
mmxy
349922034
684752
A9988731
909718296
85979348
41452690
as6706628
rggaini
benben
#cctv
jiong
quanxian
macro
huajiang
777777
199121
ftghn5
beijiyoulan
huijiale
wow
liujian
asshole
6491283
lixin
13920lyp
weihong
159753
5584094
wc
tianlang
2362481
fuckk
baga
admin.asp
hack4717222
hacknidaye
hdhack
lu
0b4938b71636da18
94211
stone1024
8023
54huige
58477
zhuzi
77777
4186537
Fw26RP
999star
dsadwv
1q2w3ebb
4819
491953881
posha
hackin
V57Ovc
缁濊壊绁炲伔.
1ef34E
danteng
wxm
#5201314
Forkert
ctshack
ruige123
1991926
888888
sky
fght4fdh
hackshy888
budao
cdsvev
629007
hhuke
888
se
hackjie
24325981
mesl8
shengren
513
sb123
sawdw4
852
uijygg3
hackxcm
qq369291
pp123
321hack520
esha
2320421
lt
netuser
66
1Y1B22
df
lee987
nimade
xy123
7948
dsafdf
cdsfdf
sck.asp
xp
woaixiao
wei21
admin123456pass
dork
allenchen
Q23E1X
592633631
lmrq
zhichiasp
data
operation
541788
shine
wang
huenkek
ddaill
dianshi
329
detf2
sorrya
1113
meinanhui
#yiyufanjuan
kuanglang
lengyu
z111111
cd520
zuoai
pop
yanghr
778899
aaa321
dgythss
123s5s2
#67831046
100200
jiazhi
3702627
#123456
yuqing
311s
linux
luoxiao
zh7895123
wangcun
ri
4
wudalang250
tudi
57575331
m0n4L5
hacksb
admin246
cnhackerpass
lamour90
xinxin
love2011
test6240
hellohello
8835015
uweiui34
hhttd3
33660022
20111
hk
daokers
*wqc198983*
bschaoy
didiao
231596
6214
tian466699
van
cunzhang
hai
zzxz
kk
222222
617
fengyu
luoluo2613435510
aa123123
spirit
appoi
38325
systen
zxczxc
570
minjian
quan123
awsbb123
heikexiaolong
8399842606
72
sst
wuikma
onrush
xu147258
3951854
52001314
hadk
uikofuck
008800
00
0506
05112
007
1211211212121
1209141105123
846069556312
06625958
520131422327635
0512
082488
02791600
090616
123321.
-chuan7423
060
961272187051
0906
123.
000000
00.
0521
1324520.
0725
0540220230
0.00
0000
0329
hackersb
heixiaozi
sb360
360sb
icesword
yushiwuzheng
wuzheng
spider
angel
4ngel
yyswxws
lcx
nc
hackqingshu
qingshu
qingshu$
sz
sunzi
shunzi
123!@#
!@#123
123654789
123654789!
aspadmin
phpadmin
jspadmin
aspxadmin
noadmin
cms
iamnotadmin
fuckit
fuckhack
fuckhacker
F19ht
fight
hkmjj
chinared
hake
hakecc
wwwhakecc
520hack
hack520
r4sky
daoqq
daohao
youaresb
caonimadebi
caonimade
caonimei
lunnijie
whatweb
baidusb
baiduadmin
wrsky
*******
4lert
maek
dreamh
Shell
xxxxx
10011C120105101
fclshark
19880118
376186027
windows
jinjin
aiezu
lx
lengxue
aoyunhui
fucker
tiger
tig
tag
iloveshell
loveshell
yrpx
air
kissy
52013
3452510
username
4816535
shaomo
mama
lengfeng
lengfengsk
rensheng
rs
123go
xiaowu
Baike
hongker
liner
xiaoyi
xiaoe
login
888999
Evav
80sec
G.xp
gxp
satan
fst
f.s.t
sadness
C
cc
evilhk
evilhack
evilhacker
webadmin2
HqzX
tx
tengxin
tengxunsb
rusuan
dantong
youguest
cmdshell
sh3ll
h4ck
h4ck3r
ufo
ufohack
jiaozu
huaidan
jiaozhu
lover
daoker
daoke
guanzong
webmaster
web
www
administrator
oracle
sybase
informix
oracle8
backup
lizdy
server
account
access
ftproot
pwrchute
%null%
%username%
1002003
1234567
123456789
4321
21
11111111
22
222
2222
22222
2222222
3
3333
33333
333333
3333333
6
666
6666
66666
6666666
88888
9999
99999
999999
9999999
passwd
secret
super
security
!@#$%^&*
!@#$%^&*()
!@#$%
!@#$%^
!@#$%^&
7007
246
249
10sne1
121212
1225
1234qwer
123abc
131313
13579
14430
1701d
1928
1951
1a2b3c
1p2o3i
1q2w3e
1qw23e
1sanjose
2112
21122112
2welcome
369
4444
4runner
5252
5555
5683
6969
696969
7777
80486
8675309
90210
911
92072
99999999
1988520
100200300
1988
1985
1983
1978
1952
1981
1980
1970
zxcvbnm
asdfghjkl
asdf123456
7758521
5211314
@#$%^&_
computer
cpu
memory
disk
soft
y2k
Y2K
software
cdrom
rom
master
card
pci
lock
ascii
knight
creative
modem
internet
intranet
isp
unlock
ftp
telnet
ibm
intel
microsoft
dell
compaq
toshiba
acer
info
aol
56k
dos
win95
win98
office
word
excel
unix
file
program
mp3
mpeg
jpeg
gif
bmp
billgates
chip
silicon
sony
link
word97
office97
network
ram
sun
yahoo
excite
hotmail
yeah
sina
pcweek
mac
apple
robot
key
monitor
win2000
office2000
word2000
net
virus
company
tech
technology
print
coolweb
guest
printer
superman
hotpage
enter
myweb
download
cool
coolman
coolboy
coolgirl
netboy
netgirl
connect
email
hyperlink
url
hotweb
java
cgi
html
htm
home
homepage
icq
mykey
c++
basic
delphi
pascal
anonymous
crack
chinese
vcd
chat
chatroom
mud
room
english
netizen
frontpage
netwolf
usa
hot
site
address
mail
news
topcool
a12345
a1b2c3
a1b2c3d4
aaaaaa
aaron
abby
abc
abc123
abcd
abcd1234
abcde
abcdef
abcdefg
abigail
absolut
action
active
acura
adam
adg
adidas
adrian
advil
aeh
aggies
aikman
airhead
alaska
albert
alex
alex1
alexande
alexandr
alexis
alfred
alice
alicia
aliens
alison
allen
allison
allo
alpha
alpha1
alpine
alyssa
amanda
amanda1
amber
amelie
america
america7
amiga
amour
amy
anderson
andre
andrea
andrew
angela
angela1
angels
angie
angus
animal
animals
anna
anne
annie
anthony
apache
apollo
apollo13
apple1
apples
april
archie
arctic
ariane
ariel
arizona
arthur
artist
asdf
asdfg
asdfgh
asdfghjk
asdfjkl
asdfjkl;
ashley
aspen
ass
asterix
ath
athena
attila
august
austin
author
avalon
avatar
awesome
aylmer
babies
baby
babylon5
bach
badboy
badger
bailey
balls
bamboo
banana
bananas
banane
bandit
barbara
barbie
barney
barry
basebal
baseball
basf
basil
basket
basketb
basketba
bastard
batman
beagle
beaner
beanie
bears
beatles
beautifu
beaver
beavis
beer
belle
benjamin
benny
benoit
benson
bernard
bernie
bertha
betty
bfi
bigbird
bigdog
bigfoot
bigmac
bigman
bigred
bilbo
bill
billy
bingo
binky
biology
bird
bird33
birdie
bitch
biteme
blackie
blaster
blazer
blizzard
blonde
blondie
blowfish
blowme
blue
bluebird
bluesky
bmw
bob
bobby
bobcat
bond007
boner
bonjour
bonnie
booboo
booger
boogie
bookit
boomer
booster
boots
bootsie
boris
boss
boston
bowling
bozo
bradley
brandi
brandon
brandy
brasil
braves
brazil
brenda
brewster
brian
bridge
bridges
bright
broncos
brooke
browns
bruce
brutus
bubba
bubba1
bubbles
buck
buddha
buddy
buffalo
buffy
bull
bulldog
bullet
bullshit
bunny
business
buster
butch
butler
butthead
button
buttons
buzz
byteme
cactus
caesar
caitlin
californ
camaro
camera
campbell
camping
canada
canced
cancer
candy
canela
cannon
cannonda
canon
captain
cardinal
carl
carlos
carmen
carol
carole
carolina
caroline
carrie
cascade
casey
casio
casper
cassie
castle
cat
catalog
catfish
cats
cccccc
cedic
celica
celine
celtics
center
cesar
cfi
cfj
cgj
challeng
champion
champs
chance
chanel
changeme
chaos
chapman
charity
charles
charlie
charlie1
charlott
cheese
chelsea
cherry
cheryl
chester
chester1
chevy
chevy1
chicago
chicken
chico
chiefs
chipper
chiquita
chloe
chocolat
chris
chris1
chrissy
christ
christia
christin
christop
christy
chuck
chucky
church
cinder
cindi
cindy
claire
clancy
clark
class
classroo
claude
claudia
cleaner
clipper
cloclo
clover
cobra
cocacola
coco
coffee
coke
colleen
college
colorado
coltrane
columbia
compton
compute
concept
connie
conrad
control
cookie
cookies
cooper
copper
corona
corrado
corwin
cosmos
cougar
cougars
country
courtney
cowboy
cowboys
coyote
craig
crapp
crawford
cricket
crow
cruise
crystal
cuddles
curtis
cutie
cyclone
cynthia
cyrano
daddy
daisy
dakota
dallas
dance
dancer
daniel
danielle
danny
darren
darwin
dasha
database
dave
david
david1
dawn
daytek
dead
deadhead
dean
death
debbie
december
deedee
defense
deliver
delta
demo
denali
denise
dennis
denver
depeche
derek
design
detroit
deutsch
dexter
dgj
diablo
diamond
diana
diane
dickhead
digger
digital
digital1
dilbert
direct1
director
dirk
disney
dixie
doc
doctor
dodger
dodgers
dog
dogbert
doggie
doggy
dollars
dolphin
dolphins
dominic
domino
don
donald
donkey
donna
doobie
doogie
dookie
doom
doom2
dorothy
doug
dougie
douglas
dragon1
dragonfl
dream
dreamer
dreams
drizzt
drums
duck
duckie
dude
duke
dundee
dustin
dusty
dwight
dylan
uality
quebec
quest
qwaszx
qwert
qwerty
qwerty12
rabbit
racerx
rachel
racing
racoon
radio
raider
raiders
rain
rainbow
raistlin
rambo1
random
randy
ranger
raptor
raquel
rasta
raven
raymond
reader
reading
reality
rebecca
rebels
red
reddog
redrum
redskin
redwing
reebok
reefer
reggie
remember
renee
republic
research
retard
reynolds
reznor
rhonda
richard
ricky
ripper
river
robbie
robert
robert1
robin
robinhoo
robotech
rock
rocket
rocky
rodman
roger
roman
ronald
rooster
roping
rose
rosebud
roses
rosie
roxy
roy
royal
royals
ruby
rufus
rugby
runner
running
russel
russell
rusty
ruth
rux
ruy
ryan
sabrina
sadie
safety
sailing
sailor
sales
sally
salmon
salut
sam
samantha
sammie
sammy
sampler
sampson
samson
samuel
sanders
sandra
sandy
sango
sanjose1
santa
sapphire
sarah
sarah1
sasha
saskia
sassy
saturn
savage
sbdc
scarlet
scarlett
school
science
scooby
scooter
scooter1
scorpio
scorpion
scotch
scott
scotty
scout
scruffy
scuba1
sean
seattle
sendit
senior
septembe
sergei
service
seven
seven7
sexy
shadow
shadow1
shadows
shalom
shannon
shanti
shark
sharon
shawn
sheba
sheena
sheila
shelby
shelley
shelly
sherry
shirley
shithead
shoes
shooter
shorty
shotgun
sidney
sierra
silver
simba
simon
simple
singer
skater
skeeter
skidoo
skiing
skinny
skipper
skippy
slacker
slayer
smashing
smile
smiles
smiley
smiths
smokey
snake
snapple
snicker
snickers
sniper
snoopdog
snoopy
snow
snowbal
snowball
snowman
snuffy
soccer
soccer1
softball
soleil
sonics
sonny
sophie
space
spain
spanish
spanky
sparky
sparrow
special
speech
speedo
speedy
spencer
spike
spitfire
spooky
sports
spring
sprite
spunky
squirt
ssssss
stacey
stanley
star
star69
stargate
start
startrek
starwars
station
stealth
steele
steelers
stella
steph
stephani
stephen
steve
steven
stever
stimpy
sting1
stingray
stinky
storm
stormy
strat
strawber
strider
stuart
student
studly
stupid
success
sugar
summer
sunbird
sundance
sunday
sunflowe
sunny
sunny1
sunrise
sunset
sunshin
sunshine
support
supra
surf
surfer
susan
suzanne
suzuki
sweetie
sweetpea
sweets
sweety
swimmer
swimming
sydney
sylvia
sylvie
symbol
tacobell
taffy
tamara
tammy
tandy
tango
tanker
tanner
tanya
tara
tardis
target
tarzan
tasha
taurus
taylor
tazman
teacher
teachers
techno
teddy
teddy1
telecom
temp
temporal
tennis
tequila
teresa
terry
test1
test123
test2
tester
testing
testtest
texas
theatre
theboss
theking
theman
theresa
thomas
thumper
thunder
thunderb
thursday
thx1138
tiffany
tigers
tigger
tigre
tim
timber
time
timothy
tina
tinker
tinman
tintin
toby
today
tomcat
tommy
tony
tootsie
topcat
topgun
topher
toronto
toyota
tractor
tracy
training
travel
travis
trebor
trek
trevor
tricia
trident
tristan
trixie
trouble
truck
trucks
trumpet
tucker
tuesday
turbo
turtle
tweety
twins
tyler
undead
unicorn
user1
utopia
vader
valentin
valerie
valhalla
vampire
vanessa
vanilla
velvet
venus
vermont
veronica
vette
vicky
victor
victoria
victory
video
viking
vikings
vincent
violet
viper
viper1
virginia
visa
vision
volley
volleyb
volvo
voodoo
voyager
walker
walleye
wally
walter
wanker
warcraft
warez
warner
warren
warrior
warriors
water
watson
wayne
weasel
webmaste
webster
weezer
welcome
welcome1
wendy
wesley
western
whales
whateve
whatever
wheeling
wheels
whisky
white
whitney
wicked
wilbur
wildcat
william
williams
willie
willow
DotCom2
willy
wilson
windsurf
winnie
winston
winter
wisdom
wizard
wolf
wolf1
wolfgang
wolfman
wolverin
wolves
wombat
wonder
woodland
woody
wqsb
wrangler
wrestle
wright
xanadu
xavier
xcountry
xfiles
xxxx
yamaha
yankees
yoda
yomama
young
yvonne
zachary
zapata
zaphod
zebra
zenith
zephyr
zeppelin
zeus
zhongguo
ziggy
zombie
zorro
zxcvb
T00ls
sex
xxoo
jaqui29
hobo
m0f0
football
birdie2
deathe
deputized
dowork1
roni
dirtbike
ieatcookies
OZZie
mikey
jason
applerocks
tbizzle15
6970
packard
more-mobile
486012
loyola
aramahd14
25dedic
deadbolt
therock
monkey
HEINY
redhead12
upload
slipknot
gssc01
flossin1
mavericks
s1H2A8s6
marion
myzena
7295
290941
penguin
12126j
surface
ringtone
2cute4u*
7071987
1206
maryann10
3203
26812681
mexico
jordan
frisco
amazon
omega6
water16
flhrci
junior
carroll
aileen
eru7ces
sammieh
may27th
ABRILL
roxanes
12788
nikki
aquamarine
1212FLAVA
brittany
oneluv
seminex
blancab
w9t60w
juggalotus
bwana69m
lglass1010
iloveshenmue
lvngitup
jamesp
cookie11
himommy
pooh320
87654321
121177
maddy3000
NATILIO99
51288
verilo
ilovebill
smile22
arrowheadbottle
TobyPeachesMisty
smd1387
guitar
facehead
callme
170283
fallingstarr
BELLA
dannyd
devious
mark5117
red123
djunior7
Tes180
assass
metroid
963987
12clowns
haileelynn
31619
nolimit
111 
hack 
123
hudongo.com
741
qwe123
chentaochun
 
podou
1024969349
xiaoai0925
billfate
rx22
ailab302
jiang123
woguanli
Xzz
1234566
jack
pandrawla
waqc007
msde
smoke
qaz10170524
adminss
Beaten
3311540
hackerxiaoqi
qazwsxedc
wewar
fanfan
czhk520.com
pass
f4ck
AC
1234560
q1
25620192
3885473354
yongfuyuan
ok
admin159
hades555
2908
kellen
jinlijie
shgks
jeck
zdh
123000
12354
gogo91
view168
n2dos-xp
xingshao
ctc5201314
anying
11
qq1150107710
jjo
hxc520
qq2128536
shift
akwl987633033
asp520
612882
pwds
akw344386284
aabbcc
bz
helloword
0735.com1
qq1230`
1352
guoxiaoyu
adminlm
zx
doraemon
qq123
754308602
haoyuwebshell
62dns
jue
9988123z
z5
jinhang520
loadcain
hujiahao88218333
207154820
1111111111
msxa
223
ufowang
45
123456789sb
hiphop
mayige
jackal@)!@
851224851224
shunli2013
562302671
wmdhack
2303
15692861705234
xiaofei
fhbear
feidemao
kanpoewq
19950203
2296
yslf
qq11
gh
asp.com
wuming
011
5889927
123456789qq123
woshilaoda
im286
asp1asp1
aspasp
duaiziyu
note
open2012like
mq
435
cmcc9999..../
1649880988
yaoruiyang
shanhun
8915462
19891020
6662269
hacker7x
pingtian
!@
zht
290805237
ppseo
usaadmin6789
ccav
hubing
840605
188
wumingnimeia
1160858730 -@qq
1992610
456456
wangjun
xiaojijier
425378
mayulong
132
QQ36362
hmayi
9090980
xihayiju090
liangliang
xxinhhan
icenter888
993889
720121
jinciluntan
cmcc
zhoumi
后门又暴露了哈哈-你可以去死了
123456.coM
00544ab
masan
loday
yppmumaasp.com
8786963
shabijuhua
19951021
jokes
19861227
xiaohu
szwh
Roger258
wwwwww
zxc123!@
xiaojia
313687
mephisto
diaosihaha
hp114
121
sf
xiangyang
2013
88149775
987123000
kelly8862013
gold
muzi
dlhskjhschina
Y00
Y23
dong
!@!@heshang
king
qingshang123
niaiwoma
29000568
suiyue
hack86
gaga
admin710
3792481
niliu2013
motax
hanggos
rx123
704754747
lqhlwyyan
qqqq2222
wumingnimei
xile123
62421001
330304
hongyan123
xiaowei520
drop
9531229
admin456
qq95608954
vbvb
kisshack
fuck360
740904
hopehope
xiaoqiang
zones
672059
guanshenhua
1216242555
mychary
loolx
wangfeng
lazypig
as123654
shell154601800
shabi
longshao
258688
kk123
mimila
0508
lengxiaohui
sitespy
xiaoli
hmhm
jtw
1187818138
jingtian
hack123
liyue
dyh19920929
asdf981207
zaza123
10.10.
www.jujingw.com
dfhm
canliu
muma
bbbb0000
www.882ka.com
201314qiang
1122
460345
Tiany
135900
WUXICHENG7758258
gaoadmin
a_b_c_d_e_f_123456
jfwl
loveaigo
myh
qq123456
1m4
3211748
3988520
998877
3792481qq
guoxifushi.com
fuckcms
heike
88848819
tiankong
lshack
ANC
egamecn
226404553
hackerhs
yr
bycic
565599432
zeger
554069978
ih
*(
hxy
7418
muma8
qingshang
aiyan
ysys77
long
87014296
CPLASFTONGYI
520240
heizai
986933394
199712
13145
xuwenjie
xiaogui
1791*
King
aini
ql007x
pro
molice
mumaaspcom_123456
1503625363
qrmhat
11111111111111111111111111111111111111111111111111
bug33
lmc
1111111
bug2
QQ807046707
hupogege
adm1n
x12580..
88553255
5310
tp
HEHE
heike007
QQ463372827
999123
qq1
weijiao!@#$
com
wei
mujiang
007777
sbadmin
chenme
NOIR
dedecms
www.swu8.com
mumaasp.com333
wantu
521-1314.com
qiqi
cancancn
mumaasp.com22
91kannipp
zhainan
12232
再日你娘，你说没后门自己却加个自己的后门 ，操操操操
再日你娘，你说没后门自己却加个自己的后门 ，操
asp
hackerlycaoguo
gogo
3659
modes
admin234234
79m9jm8,.
tsang
10086
baat
1892655412
iis
mingqian
wehweh
284465432
a078974
8115875
CIE1415
xiaowang520
doctorsfuck
bb
systxz
sylyi
891016
izsiz
hong
copyman
kajal
19401127
xsdhack
F4ck
demo888
5252215
wohaoainia
lysxjc
testbyusa
caonilaomu
ZDSM
Hucmumu
GreatAmnesia
死神
Moira1
huanghe
123..
110110
indexc
9741
90
skill
nmhack
shellpro
操你妈逼，还留后门！！！！！！
操你妈逼，还留后门！！！！！
我让一群人操你妈逼
coonling123
zark1234
shizhan
xiaoou
exehack.net
13108947
Canlang
lyyx
CPLASTONGYI
fewfwfw334343
747426
88yule
kajal123
000069
gogohack
tattra
kuang
xm
m88
xiaocan
08wc
000ooo
9981
scxcmao
Misty.
xx.com
wocaonimab
xiaoyan
longcaien
mimimama
mm@@
kcic
xxxooo
NO1
128539
58005427
hellowangle
adminlogin
suyifengshinidie
a960506
abc12345
呵呵
z371601153
fanhui
hack04
fuckxsjmxx
52575257
jwfmy888
cqwindow.com
clicknet
ly_521314_xm
muma.com
gh and 1=2
gh and 1=1
ie79
ie77diy
jiaojiao
dingdingdangdang
bluelink123456
xiaochun
admin4008
jxb520123..
np
338899
Moira1314
xiaoyue
moto2013
tt111.com
死全家啊死全家
草尼玛
6.385072623076411
4.82019126728634
3.6390917343175255
2.546209053836365
5.052979280049216
5.29531262645226
6.720918414410101
8.17708185374125
9.497733776791033
9.800180731653233
7.318839562621705
7.3365481959895
4.640892738915657
8.136515675009324
9.723668411127433
3.6535357384360703
4.459085639851419
8.992268679530714
9.796048757058553
6.755651391174005
1.957539091713807
9.456736065968327
8.093156058175047
6.435939000456092
03B5660BE62D9BE76697C0C20464AC78
java.util.Random@4a5ab2
jiushini
sxkiss.com
aaaa
超你妈的！麻痹的，奶奶的！！！还加后门，sb网站
kingwang
qweqwe1
lexlee
941014
UserPass
sbsbs
wbjans
kaikai
2013.
147258a
1134179151.
a1a2
13183518783
321..
aacc112233
adminn
123bowen
fewfew3ww3
echo_123-echo
hongkong
124124124
woshidani
yaochen
qusiba
ffgg
weishaodi11
AK-47
123456a
cnh4ckff
zgy
mayday
zjf
hackerunis
zuotong
adminxin
jzbjl
hao123
mumumama
www.fanqundl.com
283700
sucoder
ms
zjnh123456
184418501
admin8153020
8153020
..aa
crr
CRR
1720051990
zmkm001
yanwang
888112
lianai
mumaasp2.com
xiamo
nuoxi
shiran
haoyang
keysto123
0632
ban
168
admin10111
441322
caonimadedaxuebi...
xstone
958132673301
xukur
1123
206
mmmlove
597633
12315
woaini,
admin158169
ts520
748903
config
zz123456
1.com
anson
b.com
YeK4i
19891011
2837
QQ123456
33456
nkw
1916
0000001
xiaomico
QQ10086
qsc
521521
sishen
Zeus
dujiaoxi
caonima.com
asd168
tthjz
0203
jinhao
xiaozhu
dajiba
qq780583369@WSX
1342838559
229643466
291818
wocao
xinbay.com
opeons
00w
www.baidu.com
1139239085
admin~!@
xzc5201314
www.h4ck3st.com
homek
86144526
bbsboy
5769783
heise
hack.2013
3321
515440155
cface
joinlabs
famous
wobushiren
a12315
cwx9912
aaaand 1=2
aaa having 1=2
aaa having 1=1
aaa and 1銆?
aaa and user>0
aaa and user
aaa and
aaa>0
aaa鈥
berlinisme
adocode
xiaohui1
cwx991241
qq654321
xiaohui
hackxker
0084518
dedecmscom
123465
xiaohui199
woyexing
kt133
1101
07188
586
523070457
pans
johnsuu
369156631
4843855
sckxz
sckxz.org
menghui
·è×ó
421512
疯子
cyMDE3N
133133133
zw1993
xcbxc!
caonima...
qq9531229
haoyu313
x518412
vip050518
sunwennuo
boyer1
466822
www.wzheike.com
zrl158169
mimi
compass
cnxy
sus
Baiker
heihei
1688
hackeraz
legend
7766751
ttfct
36362
mang
5627657
cyclistd
haolang
saber
xiaoxiaohui
75383272
7401140
lala
hackerbyunis
hezxj
shikongzhiyi
gaonimei
hacked
8750613
webphp
fuckchina
xiaoniu
longge
Hjck
lbhack1858
jbjb
xiaopi
1212aa
593976048
家成
xiaotao
106
hehui1221
ffffff
cjf123
2246321
xiaoguang
ads123
ste
mynameis
8721
12:34:56/07/08/09
wang880
wangerhan
huangxiujing
xiaodi
laojiang120
hangshao
8842165
gaojiuli
197161429
201314
19860131
niao
yueshaowen
dielifei
cyfltt
vzdsfgvrzes43q5324tg34
chaonima
Star
6k
951692996
asd456
1122334455
520qq520
nbfeige
chenguo2013
byxz
mxy
adminhkxh
guhui
niuniu
exe
jxb95608954
dulang
xz
zxc
2012tl
xieyang354096994
xiaohong1314
4king
3633
xiaox
heian
shangxin
guomingxing
5656738
1038075621
95608954
sss123
xiaoy
1561000609
199692310
qq912492562
jxcm
i35716
yaoming!@
phpmuma.com
yuesoul
xiaotaoye
465
www.58yew.com
Hacksb
Leader
HXHK
laddo
t123.com
kugou
zhonghui
nihao123
1065527778xiaoji
witkey
319777311
qweasdzxc
1'and'1'='2
1'and'1'='12
1 and 1=2
1 and 1=1
1 and 1=4
1 and exists(select * from [maurl])
1 and exists(select * from [backurl1])
1 and exists(select * from [backurl])
asdasd and 1=12
asdasd and 1=1
xufeng520
5526518
9635789
316135
123321123321
heiseshizhe
help
4726094
xiaojiu
adminy
20000205
God
hk-link
120877
zbx316135!@
hackekia
yanshi
fuck4
xiaobing
513142121
nice
xi
10000
pppooo520
342700
jatwxf
xiaoxi520
xioaoxi520
xiaohuigg
36395895
yidao520.com
7758520
junwei
xiaosi
ntgod
xiaojiji
520123
3201283
3712862
520899
zgl2012
taozi
1151644343
5656123
xxx000
shsayy.com
maidou
90037256
123456.com
baobiaosb
5525409
1215225
hik888
dulangnet
teng123
hhbb
cfish0759328
adminbbs
skyboy
withoutyou
456852
java.exe.cc
kaotamama
yye.cc.fyfy.www
xss
xiaoqiao
laoshubs
鑽変綘濡圔
huy
muy
sanji
www369
shackm
jsf
5228408
wcwc
schack
7988165
hkxd
红尘
12346798
hgwl
riwanghu
heikerinima
gdltpass
xiaohe
dyt
huaduoaibinger
757237120
0.0.0
cocopa
xx00
linyi
jibo
th4ckxuanhun520
QQ12345
19962011526
gaoxin9897
vc
admin999
xujun
bocadmin999
mu
xiaoxi..
motax121
12345.com
maxiang
yuge0324
kumu
mastertz654123
john
yaozi
userNET
nterne
crackerpot
272622
qiyang
1905
h2ck
wind
30820
xstray
12352
ming123
110119120
zhb
xiaoyao
mimaasp
xn0324
147852aq
soulgroup
kiter007
nihgnihg
xiaoji
a1607477563
wb
tang13856878960
871105
777888
huangzh
M4sk
8098
zuiai
00198900
xiaomiao
111222333
mum
chdu
kao521
cx520
980
kzkino
5472
chuanzhang
hxq0000001
5214
rp131421
xxx789
szy520
9077
ze
administrative
cy3ber
roots
uuecs.com
boke
1sa23dd
apparent
lidong520
2239036
nmbbb
1187875296
3344520
adfnaa
loongsu
wldadmin
520000
psp
byxz9547
199412
dslxw
ahszcg12345
lovebeijing
jacke
4220991x
GOD
admin123456
jiang
qq1433
hkadminhack
hongkongadmin
5201314zX
987633033
h4cked
aksjdklsdj
916446942
Maniacs.
1l1l1l
lvlinling
y986933394
szy
!@!@
friendbaby
0540
y2662
54045416
litteryi
zhang110110
lycaoguo
ly369156631
xyyk01
qlw520
117117
1005197862
dama
lycaole369156631
346850002
13461643036
By:GOD
778849
r4EkP9U
UWbOmmr
1234554321
shiaming
100529029
bet
710311
qq116121
net1so
tiancai7
kulow
139
woaiwojiaruirui
fan
HUC
441455
Fx
SB
paul
2770561
command
c00
z2Z2o0O0
cSte
seang
li13
cste
hacks
xiaodao
admini
maomao
xiaoqi
33
whj2013
lbhao.com
258741
114bbn
wangbin
admintow
545424264
467
362349247
3872
tcman
tcma
1091892881
ChuenQiu
yueyue
45860dage
admin458600
xjwb520
boot
heilang
hide
qqsy
adminlyzy
andy654123
1197
995800123
7705
agxz
79446527
nadawn
teng
idontknowcrap
4144
bonidacci
swoopey1
djm1966
meerah
weaver
gatorade
jenn
13969356
railoner
latoya
steve3
200089
buttas
greetings
urj2261
stuffnpuff
monopril
23132313
Ke00130494
devnshes0202
icandoit
351385
buddies
disco84
hector
carranza
methodman
mental
chickens
musket
46fatchx
richard!
pochacco
family04
aaronj23
shrike
4g2m$d
katrex
kaarthika
fucksaddam
monibu
69022
majkr0x
11784
daylight1
drtn33
drugfree
fez6996
21789
green1
2150
bruce12
200094
hd3182
caseyliz
kcroyals
4241980
moon
gzane232
lauren96
hassan
dmb13395
sansoo
26106008
red-911
bufuklan
daddyyankee
Camry1993
kakaroto
2balizard
sprintuser
jps169
kashu89
copyright
stvis1
warehouse
teh?5yip
patthana
1280
Slipnuts25
micalah56
msdnl719
gottarun
kice05
kathleen
lvminwoo
hoofbeat
Ajtdmw
29cheese
iluvtoski
triplet
biggie15
joelo68
hotgurl
939699
integragsr
111294
patrick
donivlc
lerolero
socrplayr
jcjt0729
star88
JAGGEDEDGE
31412
odnjeri
heckle
112262
aleigha33
brooklyn
shadow07
frick
Stolin3181
keitht
urbanfan
daisy88
lililil
82289
chino10982
123golf
Jimbob
sc2541
swpmss
soundman
112779
TIGER
chinky
thattox1
miranda77
KoraKat
cblunt69
4779base
robinson
darryl
premiership
girlss
patience
goleafsgo
zolfi
sh010271
jam304
thunderbird
drag0on
sucka
dre24
poopie
burlbed6
jevoy25
2420485
angelica
284722641
amdk623d
fruitloop
kinkos
LUCIUS
bttman
Jessie
colt45
redfrog
ajismine
aliahmd
greatgreat
shamere
456123
1OnELorD
fabolous
660209
colinnnn
square
penguins
purple
CAMERON
jo10elle
channels
tmaikg
jamjam
canyon
Debbie
8707
2251
5668
yajshoua
sisneros
glendale
carlota
morgan
2mcost
lucky34me
scarface
281184
panther84
humgaling
snuggles
mamua
mark4878
jobbers
button64
buckman1
ncormier
57251103
fukaimori
arianna
thriller
graycat1
iluvn4ncy
brabra
swordfish
funformobile2k
62100
phewimtired
aaronv
tiggas
woiinee
vedas
ice271
garfeild
Sylvia
tm1077
13450
scotty20
p1mp1n13
almas114
sudaya
ibifuro
rrf1984
dewunmi
tanya1202
july1-2
livewire
1298326
bronx
5221981
olimpia
james
converse
148807
arch
lakers54
american
sindeez
baller
enygma
Biggy
907856
dantheman
11121989
KeKe
shante
gt87655678
123wxy45
donna123
nup314
trustno1
jasean
integra
killjoy
593366
jayz
odenton
4661das
kilah8
rockstar
lemondog13
briana
cats00
abbyish18
rst0188
gizmo
cyberkid
jehovah
82786
sjma
frootloops
50cent
101283
adparker
kcmarin
goodboy
Hello
good2bld
2187
NJADIABLO
0nfire
basketball
acer17
3259
iloveyou
ellejean
neelhtak
60383
lynsay531
meishia
nickunc157
lynsay1
maritza
maxima02
icecold
hondasrule
resinking
goldfinger
skylinegtr
chaos14
jose29
4118
32212
Bmxn2002
costella
fire3
111084
fantasy7
panthers
gb74012
heck
waters
alejandra
please
teesha
imfamous
hansol1
brittynkylie
allenthomas
jadead
19121se
superfly
nolove
aztec1
suhaily
pokemon
35789140
357
football1
acid462self191
melnibone
ledzeppelin
9879
ageman00
cawmlm
elmasfino
drock85
CAS1823
7300328
261124
newwant
matrix
25522298
diabla
lmorg56
jaylan
skippy28
maddie
pamste
DREKIA10
10db14
8526
123624
lehman
eminem
lmr5788
69charger
133133
223075
156923
oravfd
eddie
Jan-04
dru380
iamatrueman
jacobs
myparocks
bubbly
breecook
barnala
malibu13
lovejake
THANKSMOM
MILLWALL1
pp4life
snowboard
shempio1
loserkid
679907
abcd123
command2
justin
loco
sashew1
anchor
candyloks
april687
nelly1
imissu2
momzhou1234
polanco
mendo4me
dot2000
fort8484
squier
4071987
713713
pooperoni
dareion
l1onheart
corey1977
karasu
21980
princess21
nevada
iguana
groovy
1435384
sackacv
protoss
elise82
sochuu
that
khushee
313911
neon04
Steelers07
gonzales
pelusa
789456
bagreen1
Pwey6482
allmine
mrfrosty
peanut
shyla
miramesa
fuckingbitch
online
2537208
aiverson
7155
54245424
ktvd6r
piggybank
single
thissux
malene
alluminum
presen
193942
ravneskrik
diamonds
dipset
53193
annami
jdenis
d0dger
cella
vang
shadana
kellnoel
722rzrkm72
martin
felder
popcorn
Mingtars
Rurob23oui
devaris
91182
caso1946
sweetheart
onelove1
pegasus
helsinki
darkstar
lavert
babes
bxdale7
piss
fire05
171011
imwatdatis
leet357
benzboy
tru
ckonja
bigfoot3
iloveu
blaze
children
2161987
Impala
cory1994
flipper
latina01
aciddica
skip04
great1
poola
zuaann
perreo
21-Mar
wuggle
3600123
brownsuga
korny69
razors
dragonbz
kisska
newdelhi
23981279
26482648
oklahoma
8005051505
jennifer
babygirl
boricua
4199535178
104438
7131063
11908230914
horses
sp00ky
tn2588
land7677
_james_
oreddingfan
tomas15
jjnswgj
patricia
bonethug
4000
wildcats
charmy
bighead
may50174
sangre
hawkfan
airjordan23
167485
electrico
volleyball
federal
christina
maverick
lovers
642591127
1108136
nancie123
mckinley
guerolindo
292929
gilbert16
mercedez
randwv
luck16
spelman06
pp51dodo
francis
willow22
soobee
786786786
ka081985
mother
imhungry
Tibsen
hazel1
trans4m
khansa22
sissy
smudge
5150
646446
tommy1
wfd6901
logan
henry6969
shottie
sally1
made300
3000GT
brrion
justice
volvo40r
adams6
2BEWARE
coolshit
maddog69
admitho
8111987
stephan
eileen
poppa
menace
sH4hZlIy
moadster
goku
flow50
immotafides
donte
hemroid9
Bogy
voltron
blood
pasoaa
rebellion
ziegler
free3
Tharhay
tomfelton
warant22
keeper
ginger07
Sephiroth
19sfv54q
jackst
PEGATIMJ
goku83
tlynndf
gifted
chinox
5644900
5644990
150bpm
kapil9453
manning18
jay
santos
backdoor
120889
clifford
jeremiah
jessica
codym1
1-Mar
ivy!08
dominos
beefsauce
dunwood
fatbastard13
esper0
fuzzball
mspence
888404
shahista
metallica
psycho
iknoall
harrison
burbujitasdon
fletch1
jarrett
tabndarren
95wrangler
clarence
75573
Steelers74
v3876us
soccergirl
dome
esquire
xanga
198615
1245789
tbone12
cristina
pumpkin
pistons
jdw321
michael
marissa
whoopass1
shane
coedle
bitches
flower
12031981
coolcat
samtheman
active07
marlonlena
dynamite7
m032987
number4444
402125
11261126
HAROLD1
4786854
stardust
godislove
5059102393
4getit
sonuaum
70403
taylah06
newroom
sbdm10
rasapoa
grizzlies31
pirate
phat
25830a
hahaha
shafar
momtrops
outout
flexfish21
spun
newell30
cherriezz
kate
elephant1
juliana
037yluj
playa
e3expo
hanson
vescio
compuguy
12191987
pamela
audiovox
marmar
three8mafia
fuckthat
100590
timewalk
markus
lances
nogames
100102
angeline
tupac88
som2chan
1q0p2w9o
monday
camden
130916
353163
adrianne
christucker
Snoopy
crazy123
6136
gameover
mikan0
mrvica
gibsonf5
cala
x2x2a23b
junon
montana
ilikek
dahot1
mikeyv
rashid
dav581
helpme
1763
manzii
ppetty
300poplar
jazmin1
Internet
hammy
culberdc123
dnd4ever
lokoloko
7131389
pats12
kevin.
svenbutt
tiger25
hackers2!
delavega
21-Jun
forbidden
lemon
raghcnaa3
102030
28071976
amberjohn
dattundra
NENE22
fuckyou1
christ12
tchandler
callerid
kornkicksass
shopping
zamora
jtaylorh
627443
21985
ayenako
lyndora
cheech
roland6
terrelllando
jacoby
tracie
beledat
1482
riley100
barry25
1046519
Devin
julian
Squeek
joshua
sexyslut
wegmans
chuckie
annemarie
kerrydlochchief11
snapon
june
digitally
haloand7
moremoney
OIcu8124me!!!
babalon
jmoney
deadsy
110685
erf1435
productions
carlosandyesi
8525
pumas37
twins123
ceebee44
snatch
bugrpikr0908
princess
ilovehenry
892680
kaykay
ceast
ballet
jamaica
9829125657
kaceee
doorknob
1291283
khandelwal20387
rishibhavana
mummypapa
tylerjames
hanumanrak01
11779
blue32
828256
369369
ashusonu
mddg
phuongnam
jorden
elvis
19251925
gina
elephantshoes
dingmaS5
crazy1234
spring01
2cute4all
scoobydoo
juggy2
gaynell26
learn18
marlove
2913150
need4s55
DANRRR
erection
pinksky09
sonumat
nissan
nelly2004
ninjashawn
humtum
shadtwo
vsvaran
something
deepsapna
123397075
jk3337mobile
Tyg
gajab
wondercar
izamar
10212000
gorilla
kismet1
r123456
passw0rd
801025
kowsar
hkills
tamviv86
MJ2345
MASTER1
jorgito
8deabril
cruzer
giggtime
valan3
jakal
amyac
noraa
martha
3659221
03dork
westside
halo1973
beta58
arkansas
deadoak
cristorey
162634
daleville
boomerang
marlboro
nugget
heli5210
91160
miatta
iffcovij
4958
duniaku
bianca
inferno
cortez
123369ee
5453864
cjeda
kiayla
jones
hotboy
316101948
19-Apr
ivette8
hightime
estrella
50199
salome
lax5122
86787
629
killer07
stephanie
alexander
541235800
tonyac
olvin1153
hdogg
Silver
idontknowyou
otrebor1
princo
kamna
phulera
525407
4620
1988325
twini82
thuglife
What
xamu
usharia
211959
cenobite
Blackbelt
marlon
michelle
redskins
deuce
786786
Hecht
3030
rah$
shaun
143800
sharp
devon01
playaz
2797825
vatech01
arbiter
whitburn
aneudy0888
treysongz25
4879425
jinsup
meliza782
teejay
bettyy
120122
conqueso
g4r0m7k3
newhome
katie
showami
mike01
yoyo10
foxygirl
lovehemu
habakrem
themole
aslasl
9000
9818021854
luahmed
yourmom
raddha
lumpy1
punkley1
ipaja1
twinkle
msfunke
kingsley
civicboy
maxima
uncleherman
eugene
KEYA
norma1
86camaro
ilovetina
joga98
wsladylove
19861212
400814798
jazzy4
chooch
7906730
10a1w00
445446
ordonez10
4651464
remus8
georgia
9919653
SAGE0110
hollafront
cotton
potter4
8626551
shaina04
126609
seehra28
molly1
198511
no3putts
8171973
baby07
renge1
logitech
ludacris
thugz
penelope
alucard
pinball192
sara0023
mrcool
Tawana
berretta
528
audiosell
iw1047175
mancha
moss18
tennisball
andalite
ChristY
shitfuck
81189
714891
2026
utahstate
3GIRLS
montero
poxy32
hollywood
triumph
cindyk
lovety
javier01
tangina
je285028
conate
chivas
daihocmo
Deshawn
alisson
safiyya
12321
330791
blackhawks
endure
myanglz
tanie121
PetraEM
oldworld
kurtlove
wpisucks
professional
windwolf
health1
gboder
bizz
rainman
escrow
belkinjs
jesus24
7865154016
gansta
98324
30191
hooch1
Liz
universal
12345670
plants
100808
santino
applepie
darshiorr
irene
3156133
102383
killeen
sana
sample
102184
rosa21
grace07
736845
lexus
lucent01
ssselite
iansdad
faith05
81579
burt
peanuts
panhead
chelmsford
7288280
reynaldo
DONOMAR
ladiesman
hammer
trtrain
gothik
HUHSON
coppermouse
juggalo
628100876
al6651
ultimatehustler
boobs
quesha
coulter65
120880
judith
hannahzoe99!
avjbsgil
123jjj
undertoe
xayrians
funformobile
55712a
godisgr8
jaiden
5292
koifish22
cheerlead
Creamer
catapult
steph15
soniajc
parker85
12280
leshon06
5975431
824
14-Jun
vyfaxiyr
SEANNIYA
2happy
fosgate
pierre
johanna
sal1985
mycece
nicholas
whiskey106
czarina
forzin
theataris
iamjohn
dave73
kmasterx
sabine
fucker1
6010
jenn925
yesyes
foghat
edna
10-Oct
14Lrjrt1
jeep
jadedgurl
poker
pmorsepm
6545c
penny1
shampoo255
y8fwqa0j
zander89
dcarlos
30380
tinbird64
spike1966
slapshot
newport
31307120
yayo3130
ironmanral
dianne35
gokings
mastav
sonyvaio
denver441
Vpedrick1
rice
white1
zakhari
left13
mirmir
bnj12905
492261
gerardo
c1012175
kanoza
blakeisgay
nowik1
maruchi
kabeer
elaine
kesean05
1011
phantom
frank69cal
monopoly
6442714
walnutbook71
stigmata
theskins
60263961
nicole1088
rose42
indishay0303
luvpatti
21582
serra
LSCSJJAL
chang14
alexandra
N13341127
killalex
benclark
8741700
3140613
moose
61088
roses_206
truth1
arm1362
kx953t
mdi44
openmind
shitface
newbie380
newbie
5674n357
628
sayro
education
desiree8804
sexytj
lilwayne
sibbersen
Shadow13
jumpoff
frankie
123186
ggunit
12345654
soccer83
6669
wildbill
4homer
9355631
fuckthis
173314
@583@
2525
sr20det
schoolbus
82582
yeahhuh
ruckster
whyatall1348
kenmaster
lebaron
lida
maddog111
eagles
tummykit
lassie
xm525400
senior01
royalbank
ml072901
abear
blink182
cookiemonster
1948
samsung
larry
anhyeuem
lory91
62670
7874358857
rome111
36106
c0heed
qazwsx
aph34934
belleville741
suzuki2003
smart
sochingy
shizek
143bianca532
maan
121256
joelyn
a41987
starss
callum
jimmy1
maxpax
carnal
dionysus
horsesrule
aspire
cdsound
jmb197106
13222363
havingfun
june1188
2402400
hotgirls
nymets
fishing
makemoney
29292929
telefon
anadmo
wgs111
ham235
anny403
sandstorm
xjp1837
zackmayo
4848506
Mylife
Tanyam
mashi6
scrappy
fuckme
demondog
nogal1
krolina
1281986
4632
1655
popeye
kurban
21186
juelz
minorb1
sosohigh
60692
escula
goodbye
sandi591
simply
rock531
7177288
crazyboy
kingsib
google86
rbag
nickoy
love2Talk
hardluck
minnesota
bigjohn
nikka
hayden
oscar
jelly
grandson2
repassword
parlay
redpony
smile1
607bce
mario
2608724
buddybird
9892638893
mack15
az85284
12345t
concha
rsrsrsrs
sweetsugar
skissors
dynamite
mopar123
nothing
philly
dranzerm
wi4468
leinad
deskjet1
4200
private
ashten
chamique
mathis
137615756
number75
kiki123
a151515
gilsey
3993
fbmfbm
mhs003
brianna23
brianna24
102589
101689
hochy97
kimberly
funformbile
crosthwaite
manel2005
biko777
whiskey
60685
kyle
holly
cerralvo
kutie
caminiti
kristie4
landmbff
xyzzy
mysharona
shwinnlow
121375
whodat71
LILACS
BABYYASMINE
arcticat
karizma
hunger4more
4words
torosan
marklol
philippe28
h2orsq
469585
killerkoala
Davis07
mybaby
QWASZX
opklnm
monkey2
Damien
Boss
trebor49
niggak
onering
157473
jerry
nick122090
alpha4
regina
tanita
roblaur1
sleep
potatobarrow136
mattsdick
newhope
david0109
1r0n!b0ss
lemieux
louisa
jcchasez
blxbb
3circle
gocubs
garcia
mover
duckyou3
people
ibb744
2311818
tan-tan
dirty
smash
mozart
wordpass
dinsdale
arrianna
696275
aldwin
461246
yari
clones2
18726
hernandez
jtang14
302002
trytry
bdjmmn
oz2287
prachi
ilovebrittany
alienx
pl,okm
morphin
catcher1
saitam
2121
funkband
sparkle
kotka1
ribm2000
181868
Chbfha
555555
448492
cool87
yamahar
1130
blake
welly1
Syn
stunner
a77069
bryanabdiel1809
illsl
102391
80131
theo
patriots21
naya
ginger
fentito11
vaishali
final
crackers
hellsangels1964
tomhanks
islands
legolas
hydros
codered
3650
devdas
happiness
sengdao
Beck
tadpole
saler32
Java!1OK
angels1
offence
mustang
blabla2002
polska
unoangel
61195
bassmon
565656
4103205
112378
showtime
hs2ooo
sheela
rodneyjr5
33adams
1naes89
strongbad
margarella
destiny
serpas84
dragonballz
197905
udtseals
ml1023
lindseyb
didi530
cyborg1809
mya
raziel
holla444
643166437
khushi
musroo
prince
328567
poopoo
nstyle
bogie
damdam
mew2468
ilovecock
35719
thierry
1230
layonta
hotshot5798
68951
301077
school42091
maggie
blaze3210
lebron
john21018
getout
shorty1
ihollatcha
CEDRICCHRISTOPHER
piggy
pimphard
groe
philips
likeafox
krasny1
bee123
SUPER6
runelong
9141
hogball
zaq12w
316201
111786
mardin
msd22345
unitedly
javier
4316226
dap422
laverne
aenima
dboy305305
femks8
depaul08!
gnelle
sushi
197979
sope1212
miajean
mariners
THEGOD
rajdja
alexandria
lovely69
gabriel
thatswhy
beaker
badboys
simpsons
carlos6
1108
iomega
letmein
papapa
Rep23
goose
sbjkgsbw
tillery
chikka
gpp1gpp1
shaoling
corona14
luqueinys
NISSAN02
GENIUS
ababu1
killian
dingt0ne
tlctsm92
Dolphyn
6199
cesar8448
playa07
146203
trisket
hemanand
200570
nowmewillbe20
chickhead
cmj213
5dogdogdog
73088
severe
96245
38679
enterthe
5856
sallitap
quelle
issues1321
monoxide
verdell
winslow
82365
r143341
backyard
mkn52ab
g0tenks1
accord
97tibby
drxsez
37081
Renard
jesucristo7
jasper
jamilynn
tc8702
mushroom
olliel
kellan1
313131
iamawesome
2140choco
CHICKEN
581418523
akuma
fenix1
brownie
dirtsouf
557755
aarontyler
stillball
cartman
kings4Me!
73381
kadejahs
djcmactmc
annessia
lalala
abbyish
2sing4u
international
draco
449730385
vegeta
larchwood
971116
jackpot
amahia
blahblahblah
hopewell
footlax1
satish
ace4life
hearted
kotovets
george82
82597
gemini
elsalvador
froogle123
relationship
dracosstar
kasteeler
gregnelsonishot
adgex3
qqqq5
perry
jasmin
6103
bluerain
9791
maidenfair
katies1
598095148
590124
hawthorne
nbk29nu
intern
5175125
docutech
passportinn
newmexico
blinkme
STITCH
gateway7
kelcie
bump
colombianibiris
odyssey121
lucky123
vincemoore
ientos
chevytoy
sigmanu1
static
dieguito
MKM1988
bugzbunny
10042
hellothere
tarheels
dup200301
qingshan
heaven
122483
theend
kdx200
baker
31483148
2667
202020
queue
jetta
SANTAANA
ilvbluz
125500
bella8204
majko
1q2w3e4r
gonzalez
MOBILE
hessambrose
jegringer
849568
bartercard
twoocold
66638929
sublim5884
mikersp
pepper
tubalcain
sacha69
9009624
23888188
cronos
denim79
engage
azerty
1prince
backspin
kendall
rocky1987
pham357
extreme
halfling
8362ME
myself
becoming
bulldogs
bgdnbgdn
playboy1
mase
whatsup
yogi17
livevil
hoangthuong
poison
FunForMobile1
merlin11
oops
5980180
rajgopal
unitedaf
mal4314
peyton
9603099
iloveknc
2327803
mesman
6302
zubair
2817508
wa4292552
chevelle
northc
jaguar
TEPEXUW
t1ff@ny
Hexy27
romania
n1020197
jp2485
smurf2006
evanyk
mobile1
zambooka
ireland
songblue
871990
moonman
rancid
snoop
lust
mfun4fred
apollopa
toppless
121004
fuckthatbitch
grace1
w3rdzor
violetdog
pretty
avitta32
230859
purity
200500
7881487
stegkara
hammerhead
gggggggg
redstars
ram199
nadeen
surcalifaz
danielle01
diamonddog
flipper2
jbkoliwera1
funkyness
parul19
supa
ww5560
TAXDODGER3D
daniki
diana0706
jr2004
bolognee
fluffy
rkorko
SUNfire18
kirara
2253361
farly2063
Spongebob
vickil
project28
bobbie
matthew
tyreek6699
monerisdaking
Dmitriy
maria0619
allofme
enos16
blackboy
gv040574
hohensee
hY4dro
11031993
lamar
uspostal
41088
mnidv
fernanda
francisco
sowami
47080
was1212
krotidas1
ragsnayak
ajigg2go
dumamay
sublime
230935
1BRUCE
kloenicole
alexdylan
jes123
powell
NWO4LIFE
tigered
hyungbu
p0wder05
motorola
asamass
ducks
catdog
whiskers
aeroaero
24011980
emily21
ev19604
dc8684
mariau
3446
tidus88
841977
dogluvr
4800251244
cuervo
berrios01
gigi2624
marcianino
clay12
nitricacid
shaquita
.ad
gzexlb
pac12ers
5197333
kinte
toro1234
passport
shortstuff
3y366a
aldo
basicthu
thepassword
nok
ncc1701d
mcsd4952
harryporter1
196713
buckeye69
2467
immortal
a12zaral
bocklan
10051978
zaagh01
gardfish
$barcelona11
cheetos
deeohgee
525252
simiraheja
luckey
jo12ch34
nugent1900
fifthhour
sobhanallah
rodzik
rachael
prettyk
tonya1
zachary1
notsure
pchop13
71983
stud23
marice
autumn
wasa
binkieninitiffy
113054
8730
6270000
Akasha1
laika1
nascar
21688
megaboyz
BradenJoesph
smokes
Foster
gsm5210
hanadog
101010
dallas22
jm6771
Timmy1990
shatter
omerbabe
junior05
laotion
gregred1
solo1951
streaks
92381
cecelia
leqleq
haleys
rush
punk
showong
d6wt5
o1o41998
9394
9161978
laminated
1567
723dk80m
capitano
741852
kooley
produce
DONTKNOW
farate
wandag12
bif8744
fredzia1
ohityl
meghan
2059000
21386
knockerdog
medo114
trickdog
gabro9
dragonmoon
pengoat6
8883
lovely
2901
dannhy
78suzuki
11184
oldnavy
91476
sleepystars
21871
32643264
ripbob
5759
pisces
simscity
ilove1
annikan
ismigog
211282
7713487
6856418
automag
kashif
r0835047
hldgd123
standard
wakeup
mouser
gfhrtn
224995s
tonelo
wolfpack
democracy
intertech
ilovedad
yollyann
7862138427
marquise
3087
molden2k5
8995odom
jamie
sad622
frank
kinglb
jesus02
twenty119
abo0123674112x
40778
jabroni
a688923TdF
cavalier
kelly81
721988
vietnam
gretchen
dalya4303
ayane99
elvisp
USED
boobies
6lucky9
5457625
spookie
220773
chowder
baseball312
Levrone2005
Manm0nth
colint
88048804
monkey69
noorani
eseosoloko
theradio
miller
jasmine
1155
fuckoff!
nashy
kaotic
espanja
tool19
oven54
customdock
codog0288
bitch87
lunarstorm
astrowon
1ovakind
ypslanti
keikei
198891
jairus
Music4
doc101
chronic
ashes
pepe2299
allaboutme
burlbed
savior
41jwc97
********
bumrung
geldhapz
mookie
62187
nokio69
2914666
Mike
jacobl
me
scoobert
OLI
mskhonfesa
santanaj
pusska
4433215317
9386773
sparx
pongsuca
petskinpack
analuisa
40978
20405
4267678
143annette
rodriguez01
224790
ISYS525
justin20
madison
buster112278
swampass
xander
nedall
habs
lope
187187
friend
melissa
beboski
elsharkawy
volume
Justine
nicholtz
raykeo
shaluu
willete1
martinez
ri1984ggs
Shaw
1430
589000
1227210925
australia182
daniel12
devon1
291977
doesitmatt
snappie
kittni
2353823
j1546
palido
ampdog
redred
danville
enigma
mememe
utbuce
232144
marougi
Adelina1
102898
irismarie
newmandog1
cipolla
455991
igital$day
hatingyou
367396
tina10
sunset01
buddie
berly01
babygrace
1234abcd
6942069
muppet
xdrmz2l3
penguinman
247247
135113
mickey
10161
compaq123456
gixxer
saint007
hendirx
romeo09
acts2024
wilma
ambreshia.
friver
anime47
d5t83fwk
shaunr
blalock01
mystile
bball135
quietkey
health
110987
a6657062
109361
zamsul
emmanuel
51477
pepsi
nyseem
truman
dam1j1s
foreal1
joseph
24tags
dick
navy6289
Sl@ve1
85937
coolguy
radimvrbata
hennessy
hotties
gravball
charmander
0bsl0887
chaddies
kaspaa
presley
lexie5
lucasjoe
236500
102666
kurt
walton
elrss62
daisey
allaah
9937
bmxbob
qbert123
finalx
precious
lincoln
lyco08
phox1000
pleikkari
cheka96
766543
cdcv06280
PLAYYA
553169
60777
kaylee
SoapShoes
karlexy
biker360
esmooty
icpabk
linda
silkywater
iamsexy
cheap26
leadtech
smallville26
lizzy
petrella
rougeau69
nutso911
3xactlY
poiuytre
joedon
batson83
bigwinner51
marvel
gupta
jettavr6
7540866
5294
barsbars
mediatech
wonderdog
butter
603027170
demond35
arodjeter
jl2021
hawaii
hockey26
omegared
writer
battery
rochele
girls9
whitesord
tiarria
lolalola
omarosqui
kizzer33
juniorgong
yesterday
Jamaica12
hiphop4life
moe0184
d-dog89
kiyote
therealthing
angel2
iboccuz
liltigger
dohcan1
1seaside
workout
9114ny
DEZI05
vietgurl
focuszx3
7982
151234
jonesy53
starfire
animalx
kendra90
4878
melissa41
my3kids
s00ners
2417191
snookie
admin1121
lucky7
6816316
eagles03
poop
cvr14209
420420
21662
MAOSTICAL
bitach
titleistgolf
10741074
gelida
800123
rh011988
timtim
mygirl14
burlfish349
calendar
lost14
64332867
valde
godsson
cobra0241
disable
kgxc21
1291
16-Aug
vx6100
intel5
229633459
santiago
73175
36738
pasadena
gurl109
Lacy3469
bboy
rockets
minimax
chopsly
nc33067
leonizio
fellatio
qwerawermarina
36mafia
mohamed
bigben
smilie
6971415
sandstone
tintree
drowssap
jayden
green5
dtemplar
krystal
phone
marky
yisel
demonic
shiloh
lazyboo
annamese
ashrek
boeing747
sucker
fatemet
4172004
anthea
landrover
mastermi
gio718
70304
f00bar
JANELLE
williambroskie
cualquiera
ebage3
bigloser
abel69
funfun
VIVALABAM
32089
dano
clever
flyers88
120386
24051972
1shithead
jesus7
012korea
direngrey
hookah88
defcon
uniden
therese
sword
nkaoru
jan31uary
jakeruby
mimosa
thebling
tretre
flood
gt16065
roadkill
hardcock
Davis2715
brett
122497
valenzuela
809556999
amanda15
passions
ilovekin
riley23
valley
bboys
pink50
lilmel
keithurban
Noah2001
SmFrye
vols68
tomato
garfield
jtmask
gold10
42560
inthia
calabasas!!
thaiboy76
Carter
assh0les
kira11
vincecarter
872122
13456
rockrep
jjanger
f496642
series2k
amyal
310700
seymour
ball10
rockman
Alkosh01
chocobo
jeromet
luhale
g6c2n3
rams22
iverson
406332459
603028013
cmj073020
fielding
azuredream
bubbabub
paragods
4065713
maranda
cell
iceberg
bandit85
jimmy
lokaret2
calivibes
weyer1
nikeobu
brat
SALINASPR
tennisstar1
ttellim
aneta
5691
sex6969
errington
hillbilly
56565656
70730d
airforce
hikari00
trickd
Bourbon4@
88ford
bigpimp
mrg1965
miles21
1538
huevita
freakme
lanie88
buddar
20022003
25727
Zmorowski
efrain
kidspop4
gracie
sonypsp
3925jimbean
saberx
harold
slowzr5
qtbaby12
volmann4
ou8122
tamilan
1MiRoses
cutiepie
harris
compaq.
neiger78
Quickness
11211985
Daisy
hb7905
ringtones
5741807
203975
slick
issabel
maradona
kasey
dasboot
456
iri5hc1an
fing1989
171
jazlyn
lovejesus
redman
jumpup
vewbsa
jessicajo
totolate
herbek
krs198099
trees
gryffindor
puneta
100733
jsforsale
glenallen
burnout
kittykat
200190797
lustful
tommy123
julias
mvrs
THING00123S
tx76060
gold212
blueradio
mnbvcxz
legion13
robyns
serenity
sprintpcs12
Franchi$e
8638156
timbit
briandeegan
iruleudrool
SHAKILA
9091955
aznazn
triglav22
jnelson
3418Jtb
jens
mandg
mahalasasaveme
374039
coheed
snafu56
7412184581
Sub-Zero
stefanie
virtue
postal
john1
hardcore1
fuckoff
clamdigg1
shital
headphones
shyla1
elevator
brunetka
p7NWe2Ld
nextel
ellebelly43
jdmef90
dragonball
annie1234
tpsvhm99
Se230006
694200
730320
vince7
rijnhaven
juante17
smoochy
elena
george
654092
azteca
nightwing
eminem2
HEAV
nicked
je2313
coylooilt
rita1995
atxrox
shoe
simbolo69
nyyanks00
9667
122amy
billiejoe
allies
ilikepie
piper
timhorton
civic69
chaney
rutgers
79135
jermond
26392639
hattie
nabiki
Mindcrime
futommy
Scout91
11071981
kcmals6
parachute
shooboo
thematris
bongo
159357
seemajaan
nelly17
trang
nene16
burlsink4
magic3
Mitsu12
windycity
moto815e
16-Jun
imbroke2
secret03
spaceman
asuka
stepha
1qa2ws3ed4rf5tg6yh
1182
7777777
kayemis
135465
@2dAmca
198223
105056918
201172
wendyale
bballs
helox
tank99
66912
correct
gphoria
micheal
stallhase
10745
5ayeeh
pwned1
altpros
flisscat48
klovvnluv
treyster
deadfun
JessicaP
nevermore
mmcguire75
akikoemiko
amyliv
PIMPZALEZ
mendieta
dar87
wally5890
8946215
asiarn
nathan123
101580
lexluthor
dannyboy
badboy66
dune123
4479
217804
geneseo
ugonna
mindless
teamass35
spanje
hornyboy
joe11joe
gamerx3
openup
baconass
51972
myboys
redrobin
ekographz
cabeca
depeligrin
1172
charlie01
cellphone
andrewwb23
1263
6889
6933622
1975
janice
poohbear
cali6398
nec6789
seoane
gatompany
gop123
babycakes
roosters
vallon
raerae
daisy7
max61303
gauss890
katie1
big610
loveshoes
frankbarry
bigshow3
jabar1
gagici
hellok
pain77
plucky
630725
263411191
monique
camry1994
adilia
ally
joeslim33
simmons
oakley
isabel
asiadi
blast7
ssa6k0sam
ssgelm
deladela
scotta
format
3363572
tasb8240
nisrine
strand
glgaam77
fishes123
metrobus
2fly4ya
7563317
superman81
karien79
parola
jungle
aussie
l1i3s6a7
miriamsc
antmicpo
erock3636
42354235
erac864
binnen
lagos01
funformobile32
19976g73
dumbgirl
bouncy817
liaxiong
Kcole1964
..zxmaximus..
sidneylee6699
eagle2006
LJ1994
danger
31103
cagaita
keithm1
klb648
missshae
chicha
dumon911
thetachi
liverpool
lag4007
213941
fender
nov141997
elisa00
keram
janet
kitten22
sweetness
mrrowdy
ilovejoe143
HYPERCUBE
crooklyn
dragoon1
fireba11
fuckher
adele
11787
Griffin
dmswl3864
alatoom
arunon
4201970
cr500r
unlock21
tcl718
packers
june627
hotg117
molly97
jomama
blue7370fire
habscowboys
2323
69
Bobbycigs
kdjfgh
thugin1
dance13
nazman
8653831
techker
porsche
species
monika1
dixrade
oneupkid
19thapril1989
brogan
CFM45002
jvve2000
babel
73090
reddwarf
yako01
mikeekim
78951235
er19tr31
BOMBI
iancarlo
63impala
waller
gandon
jojojo
8402238912
ja031294
mkashley
Cutie
joey
topdog
sannah
bc5401
loverboy
boricua1
scion16
24242424
3833
dakang07
deuce8
frogman
nelly
42281
19fireflies
6373143
darnoc26
8161
776776
nyjah1123
713mlkk952
goodwin
powerd1311
rodeo
tutul03
phong
camaxori
maloney1
radhikap
redwings
hy31782c
1006
jeffpitts
gibbons
ryanis13
13601360
lilbear
dreamteam
bball
426
qba556
3533
phon888
malchris
reload
coachbag
spam99
66013945
bajtek
andreaska
8609116744
1004
spock
gunit50
w0vqlf1ryk
e16001
gisdataman
jtm021104
bearman
10251522
perez333
lena1090
youngblood
584869
bryant25
hookooekoo
yola
manuchao
8188417
gahannaindians
my2dogs
money
rg361783
mama8881
8531
six666
jeimarie99
zxnc7768
sidneysr
2mad4me
redsox
joey27
pig123
7202
samian06
dingis
mondieu
billie
fastlane16
gcgirl
louise
aushia
TaBroMo03
googleplex
242424
zombie67
10201988
nivre80
caleb1
6.06136E+14
869111
70682524
sleepingghost
apelsin
guadalupe
imdashit
corey1
koko
scouserfc
taro1029
iovere
0superman
dogfishzoo
2v2vboni
5823984
Oct-78
pentium3
likewhoa
philz
chinna
frankfragale
dakota01
emmadale
shanta
kpsmith
laura95
taj022
stevea
Ty556908
z1x2c3
keltie
19910507
june132002
markob
ghaffari
nasa
gg
dd
breann
tylenol3
303030
semeolvido
march490
dreasean
imissushab
lilwyte
marmar00
jimmyjim
az1056
terminator
wazup2me
bones
neznakomka
holden
18946818
53565683
jamaal6
lessblessed
zwned
zach18
471951
bonne??
gpcjmsfog
y2363167
22782
thomashoward
Toast12
didi
kitty320
lover007
tinchy
kerry1
TERLST
4100
misty1972
nickie
power
jilly412
healingsoulstwo
tippy11
untagleetin
11212
ILOVEME
gunsrule
yugirox
honeybee
Lov3yumijo
estr19
H8ters
2sexii
10061971
burned1
jerez100
camaron
letme!n
kennaw
pitagirl
player
pantera
50501765
rashaud
mifflin
120273
cristal
866958778
nigger
102587
LEOLEO14
111176
cattle
radheshyam
rleb3866
jnthncrwfrd
cute
posh1991
yousuck
CHANGEME
sexyme
rnb6rakb
mumbai57
normie
4290
djallil
pimpin
zgubilitica
supreman
42096
psc127
38446
jk6661
opus
Tyler757
122626981
outlawz
8759757
814890
fatema
abcdefghijk
drug
pimpplay
freckles
aqua2114
bama1225
itsmurda
audrey1
Characters
Fox
shareen
elizabeth
4151
warhol
t182149b
pantera21
tyler512
artemis420
lita
bk2468
jw2bany
dolfins88
sheppy1
joelee
darkblade
matilda
torsten
eastside
joey1990
lucy1130
lidika
74740000
peoples7
aaaaas
treo
eberhart
lipscomb
INTREPID
jeremy
gthomas
mobilopt
deanna
SOCCER87
reece09
vargas7171
loca
vargas
hurley
babastoica
gucci5
ryan82
roland
delta1
jannlee
jb64057
lllcsjls
unclrudj
55555555
CA1218
rock666
humacao
playstation
mkIIIVR
20052005
marisa
tmam
saosin
9461
mels21
inches
menyebalkan
folsom
45721877
romeo628
318817
villian
conroy
99923
oryncera64
trixie48
kjp2084
33104
farpoint
Dakoda
202647
dorkster
120483
22-Jun
97229722
midiland
hotlove
2274
mjmk000
8658063402
19802001
mofun606
tiziano
ruffydog1
barrys
FARDLING
kyoto06
true4life
adibisi
cashmere
pimpdaddy
backlight
tyrell
lytle22
peace
keyboard
hicks1
rigel7
stepan
Inz123
19741975
rockrock
sexiiali
mrlover1
backpack
greenbay
klugh1
punker85
juliano
anarchy
bbb123
d5745782
frite409
rjsl8est
ericaa
memphis
myqueen37
mylinh88
hottie17
bowers
marie
kelly.
polo08
bookie
MARITSSA
123kfp
dan603
satan666
bicycle
jennie
spam90
regan
bubbleyb
highschool03
konjak
berserk
fr11man
somalia
danyel
ilovelive
brandon31589
9289
irenet
doc310
blake420
9043460
cyprus
flatbush
000wtr
1971presa
r8741902
Papi9303
whatwhat
7237896
lhsband
junlani
funfor
jh041181
2palgan
killaz
richyluv
katrina
tewsk1133
jasonman
akshay
dvader
tamy
nemesis
40701
honda
vittorio
grant
lauramichael
dodgers06
2493
hurley11
fingaz
cahsee
hogarth
n6yb
troy1990
gotdick
guyver
727
lucy03
joejoe
t410an49
mummado
672
915
myyukon
circuit
monkey99
jyrome
cimbom
leafs1
295
baquangtran
525500
mister
olivia66
420247
emilcar123
inuyasha
pete
177393
carad5
srhchn
ericazappp
anarchy99
c8uuok4
babygurl
573069294
haircut
69mattpookie
trusts
namon15
......
dogface1
zku&808
69poison
lucky
hilton1
cheers1
MOUSSE
derekbrian
1657579
wallace
sakura
4crums
ucantcme
corvet
gratuito
271080
lifesucks
hummer
jackson
630803994
mobinil
djhart3501
tracker
wheeler
yearight
shutup88
1535
webb2006
340994
p3ca14
174563
malakian
food
122676
ciera001
Sm7618
Elliott
celestial
voyager2
twintwo
potential
bama01
meli10
eghatch
jistros
oceans11
679143
ada93
amidala
willem
midknight
nonono
wenling
bushido
relisys
marlins
38925
452300
funformobile.com
jonahs
wethead
swirlswirl
68389108
71221
banker1
kiki
Stacie
patches
loveyou
hyke
saibaba
162717
fatfish
2002
twinone
dwade
oaktree
April171999
jimmyboots
Britt
omega13
stephie
dalejr
marina
trotsky
msterling
gibson
mistyfive
mr7656
pnepne
pacsun3
brodie
pornxxx8
lanegurl
4820546
jmkyahoo
1326
12011
wlkhmbly
9852204
seppy
lovinyou637
saurabh
guyanese
duckus
gokuvegita
white777999
chevy91
planes99
nuerge05
jonjon
poll4359
snedsmE9
882236969
california
joshua411
berk101
HOPSON
kmg666
ashwanth
hidalgo
jenne0325
icehouse
washone
sitalsitakc
budget
245245
232745
acmcr
rocknroll
22914
canada013
sumaveko
sadafpacc17
nextel20
carline
markopolo
milly1
Ilovered5680
toocool
frts1234
frtsfrts
simba39
darkman
jacobi
11131997
98080
shark7
310144
iluvjohn09
nicrod
lojope
oldsmobile
3567
t970666
Punxrock
viejito74
kajaal
el_mexicano
angel4life
rudy1255
myphung
dietcoke
touchdown1
5789448
ycavirpo
fox8ham
magical99
allyson
sims74
buttcheese
maxine25
samforlife
matrix53
12901290
shaneka
briqjaguar
gameninja
phoebe
rich
cuisine1
kenny
latina
192925
indrajeet
karnataka
cch125
floyd1
nemonemo
keller
MC62305
DUBBOY
514040572
delroy
cbrf4i
6825
sunfire
vball23
pirates
spa579
waxman
7854
195
kident
autocock1
scottc
jacob1988
tromell
2kids
l3mdog2004
Shakira6954
gasley
188259
srk123
paulette
49erfan
clrblue7
augusta
z15161616
mosya66
newfiequeen
ez2lrn
iadorethee
aromin
saxon28
hohooh
jupiter
maybeline
ajfrac
thompson
october
harston
c41134
number1
60405
jooper
0708090lby
ewf4life
2317167
434558136
pimp213
1010594041
grant23
661122
840930
Sulaif
Chachu
7m7o7z7amylove
onesime
khalifa
5100159
m33243324
babydb1
yugioh
103311
9822206066
imloved
lildeidre
no9isgood
musashi
bootyliscious
Ronnel
hamasa
smith89
amani123
dantesyf19
BOBOMAN06
954098
none
honey
pallina
gunmannn
alliann
5966945
r48625rb
jade86
pizzapino
senhas22
evbien13
mikemike
jeanette123
atms
lucky87
ballinboy
codered1
19tyler99
190820
panther
City
adgjm
6262
harakir1
powerful
mmouse
bigboi
ferrell1
hiinder
cinalda
cookman1
fraskie
kaisar
unclesam
25041970
woman
uwontgetthis1
77837783
85TBIRD
womanizer
ellobabe
6130467
portland
superFUCK
aakuarella
manager
jigaboo
50983
rabs
faizaa
samtrom
Bulova25
cypher
lazyme
2240993
amari44
3692
justinw
Justyn26
terema
hooper
32303
declan
1991
91991
2161966
r4nd0m1ze
catholic
dewitt8
66108659
gnj2005
102171
number
smith
112787m
hank
7632
ruby4eye
rnsyac
ecuadorian
kona
4net4zero4
fatale
tyler8
password4me
huntington
jamiejd
KI4085
seenus
badlover
savona
lightning
ttr125l
yasmine
resy
ashihara
tuning
l8trsk8tr
poppy67
Smooter
comedy12
dfsoccer
0oqwaqwa
cool420
ashleemorris
amccs
heroes21
18-Jul
hayley
pokeball
bigboobs
jiggas
mypassw0rd
yuengchuan
3041984
7755
simba99
37703770
chienny
67mustang
passion12
micr7252
214132
53574
brisano
jess
humbird
corvette
57475747
dat3473
pimp131
disturbedn0035m
igmmjd06
181955
rebel
poochie
warewolf
skim609band313
bigdady
tristin
johnshannon
galinab
ershel
NokiaN70
bug204
1659
929292
1962vws
outthere
afelicity
7xerhab1
r3nj1
melqui7
102313
fartman
championzone
jeep23
shazza
popat007
techprep
sosmooth
1021
prodigy
rjvgbenthbc
castro
xmen123
amysue69
NUTCASE
smegmata
Thump1
joshua05
mmc7882
hillis05
deas
alexis12
lrpeta01
jn092684
cummins
676
ismism
r9istru1
SKEETER
boo723
1793404
kc7omt
3289
carson
wilsonr2
sabac
fun4mobile
3618438
685685
mercedesslk350
reserve6
153123
lapain
a373362
1923
74568
ramiruba
magicss
spazzo7
cingular
bnt4ever
tris21
sherrie
dustee
slickmx6
dawgville
107729
kobe08
idontgiveafuck
cdgrdev
ghetto
rockton
iamslave
mahesh12379
armunashq
75210
kenedy12
5252552
sadittyougal
ahmed3
woggly
allexis
billbill
sonadoras
2422nd26i
penske99
dj
twoguns
chosen
charge
nne2sdp
211
angrama
DOT
kenwood
50725072
anika
2212068
branko
passwords
element
SNOOPY36
muffin88
minnie
deeshay
budaknakal
maffey
iwrite
HOTGIRL
dane05
lovelymorning
asd0148301483
jaylover
aivilo
imp@l@
lavon
52688c
4441567
falcons21
glasspisces22
snowdog
111098
261088
yemor
45204520
wetpussy
Ranay7
sapamaa
dreamgirl18
alices
LOLABUNNY
ANUSHA
heavyheavy
fish
102258
gomibako
forever
webwebweb
nekrofiil
platinumtiger
kinumm
fwphon3
tksbtksb
amigable
445566
210065rm
200674
lamour
tequiero
Packers1
redhill
gorilla1
aurvan
D10750770
Pi3.1416
5589
grega87
bbent
Melvin1031
is98
wapdad
361sap
luis
treyball
coreyp
juliet
19128023
414
jake123
mooncherries
vcelka
highlander
asraix77
mariner
jefferson
spadayo
edit
pinhead
bamhim
Goldie
moro
raylight
Cheyenne
crusty
rita
indian
trinidad
921611
catherine
kinyo2004
pigss123
32105
0j.d
8letters
190352
770110
marjorie
faith
chocha69
pill0w
mayank
kurb
three3
timeismoney
tjzdcj
ex
100177
whoami
tylerh
3870093
bm1925
jackass
5555soda
bounce45
peacelovelight
kathrine
sanddollar
Dgdm02
shiatson
aloe193
amazed
dataloreq
eeyore
losemybreath
t42017
1551519
ruby05
9052275
Mustafa
isisrios08
damian
jimmy1234
chip21
scarter
224450635
ej1993
lolis1
bishop
jimmyg68
rsqualie84
cocker
hotmomma
colts18
gloria
murda1
sooty
krishna
teagen
srajendra47
6961395
Sk8junkeez
angeldid
monique1
karate
PUPPY
hondaflames
fun
130099
kamejameo
maintain
2007
2501
2behappy
Sigma1
ibanez
cmv943
092791f
msnsucks
takenby1
11081
pobox113
234456
hippy
Nkoana
fearless
6633300
12341234
tonia1
8736263
new2this
onyeka
karolinka
pinkpanther
638362047
snaps61
one1wun1
broman86
dc2008
kickfun
riffraff19
imsokoo
9814151873
joker
Misho
Strauss
36506272
rivers
862452
jcyl7078
andromeda
niggaplease
behappy1
dennise
medidjc
sanjida
mimiami
hehehe
romona
yonono
dennis1
winmoney
21534
krystyna
shockers
AAAA
sgb86181
enterprise1701
mona13985
ascii9snowy
xhunter0
lewis
aps01h2
sharfudeen
latin
turbo7
y0sh1boy
cosperj1
dayna
run4toy
auburn
wrxsti
firefire
jessica5150
marley
3133
tooele8
182982
c0012590
schlbk
ihatejerks450
rolflip
skookum
99civicsi
7904670
Atticus1
tick.terd
rcw6004
mariah33
rango2
4les
tlsl595
candy1
lacretia
fidelis
iamthe1
ladylady
komidas
784400
cobra357
fatz8u
dotcom
xlcars4
Rewind
mg-550
19137880
nhl2000
gundamzz
da23rw04
tigerlili
phatpimp
111g111t
dpdpwei
ccoppock
nintendo
lomax
mstar
gabby1
doodles
871512
daniel36
bmax
nanner
1javier1
2189431
zalmanis
alanis
Imthehighest1
funf0rm0b1l3
crusader
bonnie1
1242
M0neyp1t
100796
maraliz
1469
zipperd
sicily
billay
holiness
nannyp
11825790
dgn4life
sevent
niY99
shitbrick
cassandra
atsgnag
42581
chec
nick0228
chino
2588
11191983
H9ershey
mattsgay
boof45
toad
topgun27
uisousa
honeydip
shagger
nicole
tweety101
redhat
ganksta
loopop
securities
ffm-77
medic301
junglfix
green
google
cowg8451
ligiatm
sam2exas
daddie
33lpad
solvents
a122266
tbird1956
iamunknown
tbird
forus
zildjian
bnight4
shsatc
funphone
reverend
feliciano
ja5683pa
habc
8634
TRAMP
murdock
encar
D962841
johnston
flare
kiwirocks
rhapsodial
plinker
irishd
lightsaber
indian8
jackie2
ERINERIN
wee4hess
pewter
Hot4Rob
taytayzacbaby
elephant
parrots1
salvager
skaska
dell85
sumazn
eu0lb2
81921006
neonlaser
foxylady1
14281428
blackdogs
sweet18
addadd
elvis23
asasas
dominique
chest0r
syncxjhc
prelude
hardcore
jashus75
hastings
snooch
dupedue
boocat
110856
montumb
heather
4040
franco
jodeci
junkimlo
jwsw6960
KEINESORGEN
bunnie
letmeon
jonathon
chevy454
montrose
dus12675
trayvion
871947
brownbelt
coolsam
n35x0w2r
sincere
thisworld
anodyne9
xxmetal
iceman
pudsey
omomom
tzibre68
101472
mjogg1116
thegdog
seajay
eightball
carlin
nnamdi
nvrenf11
power69
riddler
chadwick08
VELL
ty013168
mastermj
h22vtec
dimitri1
hibern8
master99
yuhjnm1
billybob
er21558
quiana
continental
version
forddial60
jaredblr
lakers
sedona
swishahouse
980521
gt5u6
1300656511
5615419
5534684
spdrman
242859
seed2sow
jd823710
goalkick
manniefr
pass123
teamlosi
penske
mfever
mas161
aerdna
420
hasieislami
dooders
sheidab
shapeshifter
bayl1628
epsilon
fafi57
turkiyem
wsxqaz
189723
duchess
190700896
fromer
palomar1
cosideja
superkev
anavolver
astubid1
iloveryan
elwood58
healed
ms6453
maniac1313
angel1783
mobileplz
hacker2b
HUNGUP
lazcream
kickflip
697282
nathan
acura1
smoate69
benzee
Bradenton
thaine
strong
adnanfas
cypress
ganraj
y0urmatha
shink900
theataris8
codart
6732112
gnokrlo
keechew6611
jesus
tarftarf
ba500ka
timmy
n0cand0
ohyeah
triple6er
lizard
2084
!blah!
family
joon0401
sonthuy
pirr1o
ryan42
vx7000
tamty1
9155
33561
jo8106
wingzero
britneyhot
boreanaz
24882488
minkop1
shanna
amerab
topdome
blaine
jedrith
whatisthematrix45
87898789
cbhunt
cowgomoo
marmat
menyah
hodges
ilovemykids
volvo240
jamesj
rttopp
metalgear
mod
pass1word
123jpg
844437
kachaflip
lawbreaker
boyard
babyblue
walleye12
me0508766
keatha
makaveli996
clk430
skecxby0
93070
23-Apr
comehome
mlcp
pussy
dob001
jskate
247599232
26-Oct
tetsuo2
grandma
4911940
mp321
POSTMASTER
Dewi999
robert128
Skippy
ellyfant
staflo
babo
hoamya
6079
19860128
tk1008
agentjay
petrozza6
lost
luckys
1.5316E+11
120977
sweet
31503
effect11
bung1879
duc999r
blondy
girllove
jazzy981
123428006
2255
iverson3
881216
ksu1234
11198545
my2cats
kr4sh3r
star24
gasboy
arc123
cathyc
7325
defied
mclaren
anC6CLtd
twentys
totem39
kerry
potrerillos
adnes24
omegan
343454
fatboy2
badmug
Kev14hed
pineapples
2408
kalynn12
27-Mar-87
zero64
kwangju
tottenham23
nssd70m
nicolasor
ryguy123
onebob
758227
sung
523jason
qwerty1
tyrint
wepa79
moomoo
bennortong
stillfly55
thaoha123
ogcrip
Monterrey
hopeave
jllupm
suspenders
smellthis
112787
gaymon
freeman
makaloke
reggad
garylee
kristen
fourlife
junkim
bigdog23
scanner
1410612
ysalamari
939458
niDRag
slicelove
pakistani
kcrt3508
AGGIES00
calumet
textmsg
hockey
pratik
grapenuts
pappu
woo8100
chemical
70937093
chamorro
j10d28
kbmdjr
2pooh2
kevin444
zack
405
chuey
bgailiab
mobile666
capsfan
mknjbh
rdsm1984
vwgolf
81776
kirkland
buddyr
side414
swatteam
cszjkjmm
rrrrrr
122060
evry1die
sashabj03
jeff
johana
florida
skyvista
6360
fetus814
102574
565897140
p0wer1
heatherlove
aloedg
conn2rings
v710
LUKEIM
franfod
lrich1960
43087
pain
147896321
guiseppe
thrasher
3152004
armitron3
11079
maalik
loveyou426
4701
hollie12
nismofo
dontask
2212
lucky25
rockers
90391
josieedo
mishael
moti9583
enzo
boychester
burn22
3476
mercyme
krissy
supafly12
1boots
prayer
clevermc
moser1
dabomb
daffodil
bbv47023
1.98625E+12
kingmoroz
matisse
reborn
19801980
fruity
polopolo
lisita0526
legolas1
god
phreak
ninja4u2
774594
pochiwillow
pochi
thematrix
dnawer
moOshka
takstaks
02in70dy
harlem
northwest
trygon
fisher
joe911
midiqs6
mrm0nday
1993
Wanaman
dummie
201747
referee
deffer
Eagle7
water120
wireless
heat7465
k8kyle
rattle9
myfunstuff
seminole
23858
ana3598
boudreau
215235
krista
miker1
shitty
ddemon
ginger13
519500
speed
manuel
andreadp
mdmdmd
budgirl
nava228
blockjr
chloewilliams
verizon
5700mob
mommie
james5ryan
darkstar5
13-Aug
gabrielle
woohoo
briebrie
maryland
garrett
6279121193
midnight
austin007
340000
razzie
freering
tsshbk
apo-007
kilin
clayton
caltrans
tmcamh7
kelly
jennyfry1
ildbwc3
swapmama
trisha1234
westsyde4life
itzhanlv
okee
BobMarley
jiggawittle
spankytis
curley
orion1
placebo
fgsltw
12ebrd
reaper
hnic26
spoiled
mandingo
miesvander
kendra
150318
venom666
pragmatic
pennstate
aiko51
2930006
hotchick
guido100
stardraft
palmtree1
e69052
keekee
y7pwd4f4
bobo1
gemini2
natacha
IDFNWT
granny
884422
tresse
serkan
5994619
45camel6
mourinho
yesi2amhe
pagan1
jodyandscott
lampshade
jkrjdr
0s2m2b1
muzeta95
elbebo
jjones
clock
ps6062
cappleman
nander491
132213
twentyfour1
687190
piccolo
niwrad
rain22
danlab
jeep1998
8394
fresnilo
pink86
falcioni
itsben
hannah
jaramilla
jenna
brattman
pangelinan
underjdt
6767
mander
nevermind
lakers13
zilcym
SHORT
cs23
gacktifiied
wellsfargo
hotness
dejavu02
kike1
bigwilly
chad421
ninja1
746472
mjames88
Lakers8
ellis
50361
misserika
ruaqt2
11090
adnahs
tunante
littlegirl
phillip
momo61770
vanderfritz
goldark
alexdaddy
3579512369
Chiu0917
masamune
1485
iek3xx
momjean
bryant
seafirst
game
plkm55
ronski
pass1210
i2short4u
dlga
dlganfld
house123
mongola
str8pin
breona
1qazse4
Costabile
me65lt
coppola1
joserse
iloveindia
lonelystars88
sinner
roshytha
icp2453
blazed870
anne4me
7c86a
gcode545
dingdong
aom225
razor
unamore
alex33
amfcu4913
39542378
pencil
shibby
joseabes
106805
isaacwa
382006
azevedo
43313
tommie
pugster1
Flash
Nj07087
traffic
Porthose
Hurricanes1
21489
figaros
joisthebest
etherboy
629735
yedupo79
bahbah
Humper
jeffero
juelzs
701263
5555565
pedro
dec0683
primera
goldw1ng
w2o2f3a4t
shasta
ilovedolls
nastradamus
irontable83
142444
ddalkki
NINJANINJA
braveheart
Isaac1
redtyger
micha717
flipmode
meeme
55suck
panama
pinga
ali23
s219ed
heribert
sharlene
tabatha
jester
palace
student311
pridawg98
aj6299
sunssuns
tocool12
usher
kilmer
bigboy
mm2000
oliver
Arvile03
punchy1
ghill33
jenna44
signin26
serias
john316
beast74
74729118
atticus
dqa593
460716668
pa55w0rd
ilovepalash
antonio
12285
salih123
davematthews
9904957
mypassword
6501
vodafone
cjb16
5292689
lobo23
kallelis
nikools
digitek
spyder
dylon26
hoyvenmavin
larkin83
twentyfive
20582058
lettie
retire98
hemicuda
jrt011284
jmathers
dc33347
8576
phones
homephone
1914
mullany
rlk1369
kccking
supa808
gtajoe
bluehawk
nautjugga
RK0987
lovebug
higa1983
lollalib
5959
davon98
mica1225
25972597
9180649
encore
51691161840
gemini1
20137
northfloridas
696100
rafeki
5282335
jah5942
flake68
shocker
102498
ginsburg76
mkj1312
put356
arieonne
718511
112421
betin
requiem
hhomee
JJ1721
saomafia
baritone
nucci
ninon
squaresoft
gator8
muslim
899ebrna72
delta123
sho92nsl
bobafett
sancho76
adam04
7186
senbe30
ringaway
arielseal
6464118
njegos
joshuab
littlekobe
countercultered
shady
leo812
14621462
245538843
lookasher
mymickey1
isaac
170700
ffm52365236
fperez
971642
jaime1
ataris
26802680
24380
ashanti1
thegenuinearticle
mgqueen
pudgy
King1211
fatty143
cellochicka
dennisandjimmy
8655
furnace
3070
aspirins
stankspanky
byesir
logical2
176101
gateway
01goal
bosco12
joeanna07
connor98
mcss86
Maureen1
chase7252
yomega
heiners
191570
aeonaeon
9909347
raeabc123
jojo57
age9root
adam90
ztooppocnxs
45800107
boaboa
terror24
Sk1337
shaggy
du1013du
livedera
enter1
pnl2002
fallen
valevo
dragon02
george1
goldman
gremlin
213055
yellowes
gambit1
sstinaa1
31387
gaurav
ndgvsms
12684
junito2
luvmesweet
starnj
skyhigh
zoe0819
puternot
myliu
easynow
nicola
theone
141512
ericeric
siamon
dimensia
jediwolf
idontcare
19571954
genesis
biggrif
bauhaus
agandka
pauline8
abdulkhaliq1407
classof06
rocafella
3314775
prob10
Tiffany
yahdan
cheer1
boyboy
bren0217
YAMAHAR1
mckenzie
Gordzilla
iforgot
qwertyui
jilsam
o3295nee
FTAANA
cipka
jameel
my6kids
112870
nipplering
burd5304
ray
community
isareal10
colombia
oconnell
1elusion
havoline
1441
mp1024
domino123
100168
suchmi10
tlcasap77
813813
Ms07853
70499
adam13
tango13*
sdinoff
janiece
inline
pig
lancer
Cynthia1
djeter2
vicky426
taco3162
molokai
SUC4LIFE
shonnie
beanman32
3558
rascal
123ring
w7bm9k
valsala1
cbr600
chisox
kanon77
pwF4Mgs
21889
matt210
almighty
kyle25
piglet
143615
loving3
imation
voodoo2
meganerin
spongy
jess00
thecharmedones
binbin609
yeahok
kane78
megadeth
jamall
52381
121599
smhs00
deznutz
dingy
deeva64
b0yscheat
letsgetiton
211348
aopenpro
johngotti
sayangku
shaputis
lingling
mewtwo
char123
226456
hotdoglover
devhead
contact3
niggas
156136
killerof
sanjos
kodiak345
greg0609
friends
110587
120
watykan
swisher
tullyboy
3292sht
IMTHESHIT
269387
abe27189
mobile99
godschild
zerlox
simple5
7922810
stetson
wanjuj9
lindsay
45done
benzo11
mandy03
nicole99
jermaine523
tunny
paap
cerati
kaiser510
cloud
ringers
newpoint
nk1994
gheotto
j4s2ph
515069
janine
ganesh
subspace
kenshin
9270965
sundial
n@ndita
rfek2jmnb
ru2112sh
groovey
goodones
582357442
magila
vakharia
jagrjagr
8ball8
archer
ebk9694
maribel
maria
patate16
Jeffrey
121288
kamikaze
4midgets
ballin10
nin576
reno
Devin20
fartknocker
Natasha
kevaln
tacos
assmaster
3334779
lolo
bouchard
302star
cabron
dragon108
riahma15
deobiet
jcnnjmrn
iloveaaron
gduff
b4k42S52
94beretta
icecream
17051978
42464845
rodmania
acvp1844
forgot
matthew16
keysha
kRsS3101
bamiah725
VIVIANA1
jazzlink
9099284134
5646
pandora
powertodo
alander
srilanka
Shaolin
nickwong
papa42230
eric44
winthrop
a1774
2fast2kill
winmx
bigdickerson
noog
m3lan13
4097792009
moosehed
toe2toe
316316
wildncrazy
rintowls
8732351
northcarolina
999cpevr
kaos
5080
36945987
pepsi1
damonc
clank144
thor
hallmark
lari2175
nelson89
bobstars
volleyball967
gocanes2
acmssucks
cujoccujo
blkslim
teqnik
detergent
8669tt
blamo
122981
4481
RR6PKB4U
sakmaidik
HI9999
wyatthm1
manunite
6702
midway
zak197
w33dayn
hellokitty
jeter00
996186969
12356872
goodtimes
10311201
5929501
slowpoke
jasonone
camdog
sh11209
fz48enux
customize
tdurden
finalfantasy
jesse
leggs1986
nicholas17
delsol1997
MAGUMBA
fuckbitches
elvis8
powert
21503
d15n3y
asswipe
turkey
heyitsme
1g0lobTkC
969696
deskjet
1979
randi9
PUTAS
oicu812
goato21
chanelle
simplegreen
pulsar
kwfv02a
monica
bach42b
spaz69
stonecold
4jamison
jahjah
nosilla
cash37
maxell
hunter
spike1
tracker23
sk8ers
trastont
poohbere
ricreed23
3darrian
lowsecurity
2207
riddick
MAT1107
gangsta
delfinazul
wella
aimsux
pwnapwna
grace
ormond
dukeloco
turtles
142524
mattsucks
26ssms86
emilee
110898
cowabunga
posse36
h0anizz0
kungeeii2
ponygirl
yrneh1
77731
usace33
wowzers
ssa670
operator
664727
adgjmptw
thugpakies
95maxima
2722051
friends1
bunny7
ilikejeeps
shiney
coreytaylor
ohwell
iloveebay
143963
mesai2
drewdown
ss160192
escape
smokeweed
coniston
newlife59
ashbrook
dwm1192
alaysia
3182
lizardking
iv3rson
ind3igo3
ali
902100
r2dic2l
138878
1387
nelson35
miamor
orrkidz
sophiae
jolly291
jaelen
hogwarts
texast
Jimsta
ajamyron
littlelady
mark123
paulfrank
callmeok
mexica
leemeyou
Goldie81
DanL11
rebmevon
plinko42
darius1
gill
lgvx7000
77oagroup
iwastheman
chs1971
chubacakobe
ybltpds
dearbhla7
pimp
caseem
lexmark
angelo
racer
hemsida
transam
jamster
kameld
crappp
smoke1
crxcrx
loveislife
maianoelle
3kidsrus
yolanda
sharmoota
6801714
mutantpower
vishal10
takayuki
proofer
amykay
62140253
oRkin3ss
mb4hk623
blanko79
froggy
medapally1
sisqo
charles3$
2141979
$incere_09
kccjlh
brothers6
smw007
ogblgbr
patron45
marshall1
tonygui
nadeeka
hailey
21601
joonhoho
maynard
pinkerton
yogesh
period
tenseven
cvbbos01
6275
tAHAkHAN123
alayna03
kleigh83
jja3777
orthodox
foofoo
redbull3
saveme
99lude
kingsize1
sandrock
frozen
tresbesos
273
felizz
apache3
112090
alan
NODAYBUTTODAY
guitar99
howhigh
9930369
incubus
chloe73
wtpntt
safeco
highgate
amz123
16967
wrestling215
mastery
killers
42604260
wsb2001
nxt9011
gargola86
ravenalex
hacker$
napa
pbo
julkaka
12085
bdtv4c
kcj779
sanyo7400
dominic8
all4love
61906190
6739196
savannah
jaskel73
1692
kickers
Wimbledon
wackmc
carena
Rodman01
dunn
sac5678
magic
gnayeeb
troop69
ticktock
soldier
wake182
chemical4
5011988
dm134911
mmsjason
40999
q8417
dg12
meepmap
1967
ebisboy
viewsonic
7178
1star2b
speaker1
trunks
barbers1
m4d13m43
NYGIANTS
justus
ORIGINAL
freeware
tinkle
boi409
kaylyne
9cleveland
monchy
triggathedon
gager
andrewnip
halcy0n
zalbag
chango
321654
7651
airforce1
edfu2b2
sensis
rotten
unoobz0r
someday
fred
doodie
sikfuk
VDIMITRY
isatou
STU696
alister
draught
1076
103512
moreno
huey82
gringo
dru499
ssgoku
monday88
goldpony845
mike69
21482
polarbear
rina
mike123
giants
jdw12000
angie99
slant6
i@mbooga
ginnyls
skaterguy
helicopter
cherry82
750659
EggMan
illone
passion
ilivenow
ctomkowiak02
Benjamin7
fordjjan
spoggl
myphone
2paclover
100175
dddddddd
ryanet69
mmfp
41251760
1457amber
saechao
1e6447cc
jgiin16
practice
nippon93
5094693
9846581
indigo40
squirrel
goldpp7
matrix4
miasia
sofine
102387
animefreak
pigsuck
moobs
pshally
kjgs1234
beastman
jimmie
rishav
99civic
8725475
wbtnbi
lancejon
vulcan1
lwood03
5329
eustace04
almeida
first1
typical
JOHN
fire
elmasqrima
luisgarcia
atalien
persik
51602
Ninalis
landy1214
goatboys
boricua01
chicochu
21497722
scottie1
masinloc
kelli
voises
1628
skyline22
Marvin
f451tits
8291984
gfresh
bkbk2525
newid1
2558
dimple
unisom
magic77
alan2k
nets4life
eatshit
jujufries
dmaiki
12313622
704704
21022102
bear1977
gunner
13622191
appalls
icebaby35
rosie69
Jiggagirl
hoop2000
jennysun
johnson
60677
mauiprs
kadin1
tweaker
bissaw
shellybean
marjana77
elvato
opensesame
swartout
redbutt
nikamma
scott8263
cnthngs
31080
ropcmf
sarahclay
MALIBU
xuj2awiupg
angelwings
a2525
54633
tiggerss
thomas69
crna
cars73
jljjga
7188
punx
jaf107
dalee3
bandits4
5746356
1.23457E+11
mekhi
lizabean
scully2029
pottery
jebus
saivien
123qwe
pss2079
waterone
44667799
dec1226
607808
omen666
chicnstu
odie
tiffie
cheka
alsksj
fosik367
romano
dru234
ionut82
sandy68
jmcsld
rrowl10
vipersrule
reilly
boohill
lottery
zzz
1401gw
foxbrown
tauspappu
nookie
fobo53
24121426
carolyn
soccer10
audio2g
W0RDPA55
scat769
n11472
ssilver
REGGAE
nursing
unicron7766
dannyskcboy
sibaline
milton
63067
carajo
della
627herrero1
maryjane
323011
DangTang
fueling2
cateyes
jenica
newyork
shell-00
fatterd
BugMeNot
lamerayema
1-Oct
kracker
wedyquke
narkise1
kdcv43a
bogart
beyonce
paulsfan
mitcheva
mp3s
667498
214
animeeva01
ldlewis
thisismine
chiefers
9681925
freefree
freefree37
1992f4
8140951
b0btail
gonads.
worden
pagal123
damon1
phone1003
Suzannah8
skipper1
gilmore
tubo3
yuridia
lilixet
leeftd
number20
edis123
aol123
syntony
dvdp69
k38817658c
632209
marquez
davadi
talta
raa0202
39413941
julyone
Pokemon22
jjoyce
sykcir
gollygee
macgwire
plasticbook69
mggirl
794931mt
1hp9ca1
redline
morebeer
Maxy3891
584887
xeroxx
delonte
janetboy1
billystix
jlaudio
57nomad
3369
arrakis
russelllane8
363636
pandapower
marchand
hobbes
9325012506
zaza
1312
visaoemtronglongtoi
oscar2
t3q248
boogers2
kazafog
jay015
tylerz
takuto
tl3236
commodore
112882
lavatory
wilfredo
justice11
hansen
caramba
100356
6415
jthyman
tiburon03
coldcash24
hattie666
5677
72237
knights
samuraigirl
rappa
boobee
jessika
befuddled
earthlink7
technonet
isaiah
jackie
23212321
BRIBRI
basketbal15
bigz
1198
exaile
FUNMOBILE
aakash176
sylvia1
oscarnj
kernel32
cubscubs
jonnyg
r00ts
pronte
emt27501
yasua
235678
330nicole
merlin1
9382546
imelda
etl736
493842997
sports232
killacop
GKM123
brandijoe
myverizon
freon11
brytes
opiate
lgi855
207
1allah
kool23
christian
cangri
hall82
2innej1
mint
aurelius
tyson17
fuck1you2
omey20
ronron
dave41
nokia
bohonkus
maplewood
palumbo
burnett
ffx2rocks
jason2892
emrics
mymobile
pootie5
maryann4
smallz
110272
ta2423
946468
wingchun
COPIC16
24101978
bitch_1
jk15d1q
jennifer48111
porfavor
csl8698
ozarka
habeeba
canarsie
ccsu27
painpain
wunder
131781
322123
25182518
pikoso
bame22
spurtx
q1w2e3r4
Mbdi9574
gr8one97
talisman
kailis
gamblin5
strato
madisondupree
scotts
kobe911
doodle
2508
flaviayangel
hottchica
andyroddick
fubu05
suprBAD
jacqlyn
destiny7
19972001
blitz2k
polazx79
22646
beefcake
cowtown
teknoman
Asapaev1
970906
ashleigh
shocka13
whistler
cmc
84228422
godzilla
50406406
cocolias
glitter
mascolo
blomme
daniela
780212
maloo
hildalgo
R3!nholz
blackdown
biggie1
lilbowwow
gonzoo
looloo
bond3333
peters
rush2112
shoney22
washd11
eatcrap
15267
bookboy90
oneal18
pikachu79
erika
1234567rt
fhrewurld
lp141182
stinker
82899
ev700
44444444
goldstar
falstaff
jennyt
meowmeow
alyda1
20101
nms284we
dreyfus
Mar-96
POWERAMP
d3f3n3stration
3213cc
cupcakes
waves
j7178177
ahny
carwinne
ccbb22
6434DS
ALEXUS
mikaia
cris45
fatone
5625562
20296
daleht
mukougaoka
maricel
hogger
derekjeter
bvfdsa
djturn2
jgochu22
471053
0397a
yayo
pookie
******22
nijntje
kamanawanaleu
cherie
1561
aardvark
fantasy
intruder
loxlox
slappitybing
12d027S1
8173300
agathe
jacosta
jordan02
Kristina
snowflake
j72791
pheonix
mmmmmm
jaredp
brdway1
kansas
rockyyo
52980
gogogo
cobblers
petspeak
Depp64
bayamon
aras89
beamer
ICEMAN69
370821
kermit
hemal
kee34
kikoutei
wcnfpsj
ighetto1
don&bre
ibookg4
cjr123
trikbaby
blimp1a
th0-mas
31184
hbotcnf
asmodeus
rolltide
rock11
1025
muffmuff
sakakath
mayur
sethgreen
clippers
usc2001
ZAXXON
skyhawk
KRIXNIN
mbi1128
71784858
macvains
lagib90
arsenal
1.19251E+11
fuckyou2
stephany
93689368
yeahright
2006
nardo04
nonstop
1421
37868933
geeball
jando
killerrace
gogiants
carrot
181321
americanjesus
henrico
ftu1xa
meleesa
blue1986
trystan31
train
wassup
37351
windrazor
caughey
72773
zoezoe
birdman
a14rwpqm
nicron
sa537yi
kima
qkings
jadababy
molly
randymoss
alldaybaby
amorem
calais
twist
7169
biggmouf
pimpuoff10
16-Apr
flyflyfly
aman00da
gg2004
7524557
karnes
Jun-00
ibmtdk
fall0000
cool2b10
hellomoto
cisco
5619CELL
raulrulz7
finalwar
coonass
101mlb
eduardodl
battleridge
likeomg
molave
ferrari6
107864
blah
joel2151
mym2646
wfBFxTd
s8912161
trujillo
trystan3475
foolish
tabarnak
dantesyf
dancing0gurl
akw1626
shyyer33
outkast
germanl
hernan
7576ag
kevhlk
9878
312797
689867
61197
kardon12
pokochan
180572
clockwork
sailormoon
adawong
moga21
cheer06
shotput
fossil86
peppers
kiss2m
61395
forgotkl
footbll
jordan2k3
skunk1
10488
monkey615
eddien
Smile2142
darkesthour
iluvbball
geckos
skank
188yk
fealthedanger
netscape
volkswagen
green98
zenkigto
vento97
cloud9
airmhs
omar
9383858
bullwinkle
bananawater
cyber020
gsfgsf
bose7690
beatzz
lauren20
melanie
99MAXIMA
8526098
5160640610
scottie
suzieq
iamgreat
WONKA
cheba
kenwoodo
m5r9z0p2s3
foshow
postwhore
flange
PHATJOE5
mrt414
54754
nancyabdel
bebo
millie
toonces
compushop
4nikki
mercedes
Elijah05
bustanut
123magi
102801
sometimes
distance
abbey1
phone412
saje007
1634phone
vc109
906617
121145
solomon333
neotokyo
m1chelle
ibu702
karlbarth
poto62877
plm098
monsieurp
sherly
bdg222
grycu123
shuchi24
eyebrows
bunghole
jahmir
ex9431rb1
starling
LEXUS1
cuteg
sexybeast
xtrnlz
kimberly3
lovemoon
Freehold
m3ca8a
puertorico
driskell
kamy6708
beth03
jackass13
flagger
freedom
jenny
amj1985
rroossee
lalaas
loopie
2618774
eagle9171
fordjatt
michigan
mamita
1158874
jake5253
kissme
bullhead
dm9304
moto
mariah
spiderman
litening
genie
newport100
13315556
152310
schlagen
sheri53
mst3k
lovin
burne77e
brittney
buster11
8207165983
corcoran
10ptbuck
frosty
terramoto
2004xp
fix73mar
cosmogirl7483
delfin
zick78
thetick
sparkey23
bmxdog
gobroncos
neon
mebine
britney4slave
ghost1
keving
abbieg
issues
lane
dudette31
heads
mixxer
mierda
jbesco
mommyof4
h@nakata
daniel4
cupcake
plutodog
737005
20152015
murphy
lyrical
starbranch
models
7191988
03vbpep3
weston1
Phoenix2
slapnuts
astral
jak2161
1999
hanlon14
igfgac76
lexus95
catrice
98camrey
1969
ak47211
1969liu
55555
gordon773
villain
meziggy1
games32
arocks
2693
atreyu03
lucas12
erinsucks
402cat
polo911
pebbles
courts
chaobitt
paradise
copycorner
summer99
Dottie
masterqueen
malik1
6212002
rordan
tauro
98101101101
courier
dotcoms
darkside
neoattack
905865
21485
qwe3qwe
bats123
laymon
nnmabw
crystal010
ringer
icecuban
allieycat
marcello
10121978
benton
kissa1
pkaniga
sweaty
taytay17
zizigoloo
credits1
broadway
douaclee
pirulo19
animorph
snoopdogg
irvine
da223
sadiepup
aapmcm
gerard
notyou
zink182
112182
greentwo
102299
res8ndox
Majician
kaylag
disndat
sinned
joey2004
asdf666
aniaht20
joop2000
majestic
gondef
852471
peballo
6500
CASAOLE
tummywindow52
nana03
counter
7994
worldindustry
poppin
110389
08sl4221
fxs22t
trice
5axeru
jayhawk15
jacob96
326414
johnny
scorpios
funfor11
sector9
1262003
pdown4
arbuda
yorokobi
speaker3
1903
4617
bindu1
ilovegod
0wned.
321321
mark
riverview
1169
marker
bra1ves
faddis.
12180221
writing2
1241973
prudence
1709s4
gundam
kangta
bradaz123
goodname
kzpbao
779152
d69d69
tinchair
champ
sean0955
beansunite
beasty
flaring
paulhope
7061988
8175047712
shakeit
0905sw
squirty
neha123
100194
connally
myangel
297362
treason
7546546
ds4270
dd2304
select5054
irncnaf
couchie
soccerball
jellybeans
mydaddy
davis1
morethan20
tuto
duo21
thangvan
kooki1
stewie
loretta
7655466
13802412
insanity
lugaw
flamingo
Chivalry
12202000
joshcock
adf12979
goofy925
mariupol
JOBE
maxima96
singing
ryan2000
tyson
hohol1
ajiathom
31fatboy
miser
goodyear
charger
2472
trishna
eld87890
LSTKJ105
elianateamo
cordell
ronaldkong
amycho
bartzle
suckit
qace786
4442
nigel
wildcherry
comemierda1
xixch36
awsome
buddy123
bluemms
rshack
sexbomb
rohit
r0lltide
lexiss
camero
FUNBUN
183davie
puck7825
sl1mg00f
kaitlyn
chery273
fadyatef
lizard21
dorell
philmat
ecde12
sprint
bseries
buzzer
monticello
mbaverizon
wrox96x
j391sb
momma1
opus6787
shoko9
naruto
boricuapride
kma001
refadmin
lovekev
offroad
sethman
cm1047
hiep8934
pokeleg1
fuckina13
carshan
killswitch
wh8034
blazer2
class03
euro2004
263623
miashun
hhfifo
cold55s
homer
yessir
dome01
nasty
thankyoujesus
marines
certs
5691r1k
pomakyya
tresure
mohawk1034
mrtee33
kigarm
toolbeer
reinarob
kipper
jonathan
uberpoop
canocide
moksha
gz7494
march310
113074
Britney2
animalcracker
GEMMAP
20347
virus1
q0001234
basterd
skydiver
carrie02
w00dland
walters
pg68u1toy
lemonheads
nichole
jbh754
Sosolid
RMH420
doub14
oh2448
penken
1065
enrique
inlovein
3654581
lensman96
56745674
alley9954
abc456
jaiydge
jodie
lilrob
742662
walnutbird23
1123232
sulank
20150232
mj2323
maddog
Bella1
coco07
agarwal
unblem
48697393
DIANN33
PEZCUEZO
dakshina
ouatitw
news101
paytodog
rewelt57
aaaassss
capone
fattawn
rwmak03
gordo620
whitpen
1919
fido
acb4187
prettymama
Dep1207
kennys
68686868
574iffe
lorraine
sharpeye
cutegirl
pooper
home04
caligirl10
Allie1218
overclock
1323
asshole86
turbos
72988
loveme
daisy26
hadoe
bsb123
javiel
CHOPPER20251
rangers
amykate
trey03
miltondog
tmfvma
weapon10
amateur
merlin
coolness
mattman
saher1
kingingeneva
29783
hayde
12inches
acidbrn
bit3m3
medeski
lorenzo
gypsy
phil4u
ashnazg
tracye12
metanoia68
karen1
djg-1899
omegaman
futball7
susquehanna
bcloplop
medic1
40663
mochas
heartless
sleepy11
hunter83
fynegone
50376
strippers
251518
cr101355
aank4ever
amedosai
99kawa
dmv328
IIIVII37
samwood
amdxp2600
2305
33221955
camaross
nelly4me
k00l@ide
12e4aba
jrp22701
goober1
8261980
packer
ohio83
ferrer
missthang
7423044
yousuck1
2454
woaini2320
joy1234
blackkisss
8008
110789
pass63
thomas12
baby55
pezeshk1
gates2
candy69
prlinir
higg9121
ambers
corrine
sweetlou
diesel
kewlies
25141971
mopar1
quiksilver2
yudimac
2dima8
sentra1
fuckers
trtrtr
fishandgrits
sweetz
dammit
oprasiac
bigzon
ferrari
talon
blueeyes
greenivy
damyahoo
jebediah
lilmar
saliva
5inall
jicklymizz
restand57
FreeAmsi
doodoo
taggy9
thepimp
esti
ringring
baskavoda
maimouna
lancerevo8
lenny8838
tommytlm
redbull04
aeiou12
338wzegs42
407403
a1a13344
moxon5
fettech
20885
kuntanan
sebenza
w00t2k
batoshai32
lbz007
980323
lisarae
blade2
agassi1
drewalloveru
clccspaz
10kyle79
wakeboard
12546321
t1cl9162
bowmies
jinxed
ronaldo
phat69
lokelani
famu
JOSHUA75
dildada420
montana86
lintlint5635
washandje
blngblng
2051301
cash
jenny1
velocity
mamee
lorraine1
perlita
marchard1
hadoken
halahala
jolumley
dimension
hoya
oklahomaroll
Demon
513280
nobozos
2512424
junetwenty
lv4jc247
251088
roodypoo
loobbaba
bigverizon
5394
tama8262
david123
809058
POLACO
25521137
candice
foryt12
oilcan
52fsl1
ker1rulz
panthers1
thedoors
thedoor
door
doors
7779101a
zarra
find01
jfjkd1
soloman
69goats
tawnya
newman
cafeteria
Devise
jud4sc0w
pogiako
ryansmom
clarkjames
yagenmm
pobpob
kmd33c
grassies
mukeey
speckles
laraza
shwartz
elliff
yaheardme
687695
lloydc
zion
majepupy
haleigh
lancer68
bigb00ty
zurich31
2ac9gz7
day1day
itforget
ksongking
elbarrio
cabby
simi
johnd
azalea
LATERON
487975
503828
rmtgto1970
nickell
kataoka
snakeeye25
287846
lemonade
shotta
lmao
imengaged
jeepin
Bucac123
corner
7434
lionking
839687100
harper
luap92
EmilyMaag04
141152
accord00
aiden
elduro
comemierda
torres
spyguy13
cassie309
111887
21692169
12621262
9966644
maclp1oe
pippin
faithe219
caliente
60nine
redcross
a000503256
beautiful
100guns100clips
zhitomir
goped
dariensimm
patel125
musica
mtwhite
6954421
961
electra
vipester
chesca
whome
summer11
edgardito
68TIMES
hooters
andrue
riobonito
jourdy10
im.a.freaK1
bebe3868
phifer
kolombia
kimani
85057
SELAN
szcdw
playas12
huuhanh
scheiler
abdarogo
1075pr
daprez45
301976
sigmachi
200502
pecangap
dho9LSI0
sadhusadhu
gay
sgbbkah
beeki
whyyyyy
nursery
30906918
nerv02
RUauth0ri5ed
bomber72
roadracer
shagforu
darkshark
papipr23
1061979
pinefresh
esoteric
platinum
garnet
113004
explorer
nizel
veeinvyou
raiders19
80Alaska
13stepz
6432326
makeitso
56135613
35p0nda
salinas
michaelx
clephknotes
12366321
47nohr
messer247
jamaal
joe33tjg
Evolness
Evol
101595
japan4
64bain
11711
goodmorning
258963
tcr23
llibr123
dd59e7
godisone
typop
2890
101894
bg5657
halima
spectrum
fundoo
mer[smg
11509629
zacatepec
fettfool19
viper12001
9383434
yorkpa
six123
sayain17
booski2
davidam
crisod
nomilie
polaris
luvlex
seagle
spelling
falcons
tdogg
local83
rozena
LGGKQT
623000000
trimit
nofx
beverly
4mobilea
88ludesi
nickolas
dollar
otis
chupa
Pedrito
wassabi
Elexia
6964osma
piggies
taylor10
hrbek14
angelic
allah1
lirtb3kr
19711971
makaveli
marty69
javier12
caravage
wiskers
2544244
10121975
allah4me
corvette55
dbzrules
headshot
16697
vandalay
supercop
kookie
wakka
42485
bertrand
james1
blip
michellevu
Jun-82
cornrows
1075
6391boy
bruins
2master
messier
westhobo
cheddar
biskit
brattz
nahnah
197304
ndndndnd
671988
tecnomick
Cowboys7
buffet
fothermucker
ruffzen42
8531212
d88812
polki8po
367NNLKL35
dcs21551521
habagat
greeneyes
omegai
kerry10
2362dat
raley1
smm2f2
dongo404
BENNETT
beloviste
1362
texaco14
341490ti
stellvia
dylan1
shagrat
kitkat18
thatcher
grind05ad
preacher
coolcats
teknico
ilovegreg
chilihead6
bebela
Ballers
gotshit?
spike711
fish69
ladonna
marr4159
freemoney
522
1lbryzi
guess921
Scruffy
furballs
lilcode
playa1
freetibet
spotonme
31179
hardshit
930
908244453
gauyasmi
ti9knadG
kara1412
7341445
zach
computech
blossom
boopman
pearljam17
salaam
rock583
oneiros
122986
55156
888375
levonvon
wa6w@vkn
snypacrew
sharp1
4121989
amveryhappy
macc4u
giova1
chunties
woman000
62980
Mildred1
maysar
prada
5251100
laritza
Simo
5171981
123698745
sniggers
coldav18
mormon4life
pearl13
saveoreo1972
conan
aremag
daewoo
bpr1515
realmagic
Marlin
thegame
victor22
chops
KATLYN
Bic2w2w2
milywil
drag0n
chris64
421388646
travel4
anabella
rose123
vikram
kendog
vinman
garethb
4360369
101003
yomomma
pleech
boogerhead
102702
jackal
183729
tiptoe
966145
trinni
9932270
terrorize
truchan
71726086
supermann1
41781
humanman
r1pt1d3
204788
annointed
drew14
bhattig
1475963
hello77
manolo
7199989
censure
alkln
jfamily
goblin90650
Nf9f774B
sooperb
jegowner
912885
turbois300
2261978
saintjacques
kICKmUD
junk2005
donnarae
spotts
furbys
Kenzie
HSD26349
nick1017
drbass
Backup69
melfice_fighter
snes123
funkanella
82303
jakeadams
tensor
61779
bass78
martain
purplepen
applegate
tisha
loser1
horror
ma2hot23
yoda315
project
kissmenow
shutup
mindcell
reginald
drow12
beth
suckafree
pito89
143ihloh
friendster
pallu111
passmeby
hehehaha
655321
413355659
thetribe
104111
9191967
fuotnehcac
97501
poooop
mobstar
jaysta
krippla
sam4me
316
olijas
31393139
killacam
tovah
pickles
contour
tiny14
nemesis10
herman
team11
121245
eissac
nyahism
15623
juno4me
gini21
434343
ceg2g5uk
196926
nopass
sazabi
sunshyn2
rudboy
pineconiffer
tego
238114
ishkabibil
blueroom
edwinjr
22880
pr4lyf
jlc152033
ruready01
8752984
gandalf
ilovevmw
lauren
matador
BeanHead
bquilla
1Kdusdu3
goldfish
ezekiel
talibano
grynch
6598
0616aaron
ninails
fire683
3246
2heavy4u
STERLING
kirov71
mony34
13101979
rmr21986
peewee
whateva
muffet
aruna
sisifahina
230388
soulmand
Uareit!
dallama
586315
momi12
noscrubs
biscuit
123lex
chanel0515
1atomic7
nighthawk
jag12345
2000
miriam
branden1
danie1986
JayJay1981
1995integra
mqdq57a
waqasmushtaq
belkin
mariokar
2-Oct
Guardian001
bangalore
hubert10
2909005
lawsun
7.25359E+13
1479
1403
sacramento
jatt12
WILDBLACKCAT
jmny76
cocoas
comcom
daniyade
hilfiger
kickass
2447
223025
BOSTON30
2151996
afroman
14971848
staind
pogis#1
goku123
3216969
vannakyin
walnutroad41
gooses
reggie26
hillbit
kc2fzt
wwechamp1
pennydime
haha9899
mdj0.twp.
funhappy
goinglive
scammy
oanda1
junbug
stenersoncellphone
62987
divino
shitlist
xpistxpist
841022281
62552243
mikerob
bone
181818
pippen
cesyle
subzero
telus01
Fitz1604
huskies
wfusdfcf
booyah
str8wood
7777770
elmo
yo-yomah
lyn3tt3
shazaam
tambas
turbojet
rivera
passpass
pimpjuice
aliboy
sammy68
chupamela
1georgie
bootsphotos
wannabe
protect
guzman
97caitl
checkers
shoothoops
102030mj
572zl1
Hellisfun
noctem
minacell
jackjohnson
hoopty
nascar18
ksif
bryanda
42684268
tenchi
allsaints
pornos
capra
bambi6152
1245612456
lonestar
duetsch
jinxy
veromariposa
bls1126
camronb
8719896
corillo1
40588
don2k2
1437328
fryman
bergandy
yadiel
kashyyyk
617581
wilson11
7997
maxima93
negrito1
zhou827
4250012
michu
killer69
yarita
me5563
demonhunter
Zarza
iloverobin
hemlock
mightyme
saxophone
natalie
stewart
110957
money1
ciril1
klinkies
eqqiq0pf
c0pp3r
92584
kimsta
flipbob
nivetha
outcast
744669699
porkfriedrice
babyboy
jadakiss
kampret
gheyness
4719
imshot
ferrian
fruitcake
eric
jman22
sdakota
sosa21
dsb4life
42990
4551718
100000
zolf
damocorea
morena
eabbae
chucho
batter326
keyche
pikachu
darcel
gunfight
10costco
kma0112
roflol
fuccer
amagasaki
pullad
cokevw2000
840201
error404
dervin
kozzie
2605
jordan1
phlover1
surfin
kiepas
326315
yepper
tongue
2690
378822636
128256
yeeman
josh1
firstaid
CRETIA0
golfgod1
opie
dbzdbz
amandatomas
38115130
justme1
blc90884
7878571590
ja1010ja
lance
southside
june10th
chandler
booksmile
10759mlg
chad
wealth
moore79
vince
silverbison
limpbizkit
tn2126
oom2k1
cecily
analyzer
tatyana
mirage
misaini
2537
fpd1520
101926606
essj408
slaj
SAGE3
nelius
hotsauce
alishasmith
leafs1972
150501
teras2
roddick808
macdog85
78806
misu
mindy26
satsuma
1941986
lenora
cphigh
balaatkar
jiggaman
desmond
apple45
idono
disco
crownvic
tech05
jayjay77
50225022
dan4th
negroshulo
3920275jlh
player8
4833
pepita
mariam
chinkguh
mike34
blue818
pecan
goober
cypress9
bapsicle
jayman
macssuck
nikki1
bigdaddywoo
413387
714
2223
3747947
bromac2k
watkfif
CHULITO
palmos
macp0951
gogators
mymobile5239
d6935185
skunk25
bart786
jernell
TYRONE
hansol12
taiwan88
1941990
Fuck0ff!
687297
shimmer
137673
koreanboy
51423
msnhotmail
asdfwer
splash
whdhksgh
clem69funmobile
maluenvy
ihatewomen
dumdum
eihthype
rufusbuck
pookers
hoops
k27b84
Solitude1
oma1010
mflores
coventry
somxai
302914
elpalo
tunesage
wester
thatsourgio
baller007
huyhoang
josh
bills
perk0203
skiplou
pranuthi
tipster99
sjtgdec7
sweet6
suskeenwiske
13-Apr
mikev8
hotboyz
tornado
unlv1994
pentium
russboy
justinjon
ceaser
mm589485
bilalm
hershey
mahaliaa
ericjoy
basil667
sabbath
180045
hicker
magic32
tiger302
joshuah
alabama
NayaOgolfem7my98
italiano
fairgame
11elmers
2107cav
neveragain
okayplayer1
pool
fadedb
bishoujo
sweety67
sand12
married
cddscw
retunky
remix72
indios
tratra
jthm33
canabis
tropper
d1a9o8u3d
kill85
money14
brianna
goku45
528597796
mahtjp
HOTBOY1
blankman808
4041985
jordan1945
finney
gilgamesh
tears1
zarolyll
yayarea
rubig
11429
getmoney1
1AdmiNx5
cutless
kamen
lesiz
f0xf1r3
kramolis
forest
tink
eam95008
bigmama
locazo83
persianprez
6332timber
j0rd4n123
terrdogg
djpeewee
justinm
ki0703
sirnicholas
gozotz
freedomforall
111700017
illwill0
198222
dragger
hellraiser
ryan96
rock3087
oldnews
kevin6350
233391
4-Jul
thoms7
221100
ilkillut
osc1077
iiiiii
nismo1
pollo86
301530
inamorata
25030418
pakistan
oskar21
pakid03
7187
wokwok
whut44
capn1986
lacrosse
kredenza
punjabi
pasta
dzasta
cottonport
nmsu_fall2006
playlist
hawry4357
jot777aunt219
funformobileagouz
kiwilove79
kikejr
tgb946
12670
jblueitt
clupimp
916916
valentine
possum
viperx9
Skina450
imcool
lenok
gary
rugrats
nesnejttam8
dodgeviper
debra
nguyen
ddrmax
thatnigga
davidm
bumblebee
tamtan
ilovesteph
fazoolius
fritter
hoyas1
roxanna
koolaid69
lavato
52702
meunice9
123258
greens
766283
pixplace
b791don
ertiu0002052
panto84
lo123urdes
8a2be2
hung12
fonzie
griever
yousif
jeter1
krysram
vp7tpuhz
HVHn
chicky98
mcswole
sturge9
joesivad
shilohlee
4204eva
ferraribani
KANDI
pinkmaiden1
Crab
foot
37430
speed50
260371
cake
jaylin
chopper3
chopper
1.50512E+11
videogames5007
slasherbaven
6413231
digiview
38152931
xr7070
cidonye
20997
19012345
2521293
phuong
1kq686cq
vedette
6178949
29shirak
omer12
yamile24
brlilb
gold123
752134
willito
coke100
rowan1
Swurvedout
3025
pancho
lifesux
505050
gamera
qazqaz
rbdMVP752
113322
murderinc1
pamungkas
VISTA02
soccer80
mountain
snotery
4373821
130984
cnote0474
killbill
madddawg
25trial
gotroot
theknight
3232
5844604
squall
needles
130012
abedd559
vinnie
aygirl
sycamore
al1988
globus
jusamfr
suicide
actura
69marcie
psa1207
sharay
aguada
psx2524
~equinox~
7001
jorgeteamo
19795
jerryg
pufkinss
yabucoa
troyg
superfreak
rcuthunder
lateasha
joanne
johnkiesow
keith069
jax94
nguyenlan
kavitha
messenger420
4151974
boyracer
zapdos
ring1025
yeahbaby
tzy77oly
101466
235965
zire72
links
857444
nattywat
eddy6dad
2628syl
bbone
25081988
728
cuenca
speerb
415111042
jaded
tomgreen
indira23
11corona
malice
balls12
chedris
1982
10christ
2233maged
purple22
dimples83
coolio12
tekubi
1qa1qa
calibur
4886888
sugar123
mostro
12221952
webrcy
5301957
rainyjen
javonie
7.85379E+11
613406
Draconis42
11081982
gregishot
rebeccka
playboy2
poodle
rounders
pass7599
love123
true89
jim1221
ohmygod
myhonda21
katray
thekillaz69
riorio
205251
11-Mar-05
1870187
fpuconductor
11112
boston05
120470
q3164
NIKITA3
jenn410
hitaka
chakram
wonderland
102993
s8xyl1ta
52645
2colder2
kmo556001
clyde666
ekim4tc
5impson5
12101950
shannon26
71796
samcan
227153
manny
joemama
evildead
breaker
karina
g85323g
elena1978
kerns
Allen
ninjatree
aggies79
timexx
iamjon
77655104
adv58174
DINGER
20-Jun
420187
haim0129
bassman
lovedoll
malone
aguadilla1
ilovejacob
ssc5956
weather
kimono
felix1
abba
parker55
morrigan
720juan613
abh8204
sexybitch
eddies
Rage
lightside
nbnbnb
tomaton83
budbud
7883169
sabinjr
rlaslo02
popcorn2
ctaj0212
marinex
robert21
jane224
mm120497
eggy
pacqui
robbiec
shakira
ryen
homestar
faceless
singapore
pitchers
mary420
twitch
thrill9kill
mydream
noggin
krafty
bellll
12141214
sucio05
KaylaC
19790420
RB2004
pooh51509
mixmaster
love4god
funkyb8ss
die59kill
glenn7
BUDDYLIST
11768
mack
pooh
water333
102588
alatffm
vip29vip
kokikoki
smokey59
warren00
mobilefun
punky618
scaromanga
bcj12813
sumomo
25147498
asdqwe123
b2159789
62437
mk89031
6250877
santorum
159162
yba38glas
griswald
12301
bluesclues
mds123
bindiya
kisses
donturem
42285
kmvbaby1405
statia
jbbadh
a2jesus
hines
nicolemarie
4750
mesg22
evalo
gofuckyourself
fuckyours
ginuwine
moneykin123
9wj9xa
vasquez
drumbum
polaroid
miao
kb1etl
chunt6969
1166329
17251126
ilovemichelle
happyme
MIKE44
tool
cessation
951753
8439450
kira5040
spider89
ccrules
waswas
gta325
ser789
cehar
chuy11
brian27
mgiteomb
ed4171
tj2school
hotflash
junebug
5444
kamala
sean1970
mamayoya
popeyes0
fifteen15
wantmypass
conner
brock05
KAREN
dec0de
bigface
hspf7857
undefined
czekolada
rkc4331
776977
greenday
shaysh
583659044
baytown
regalado
jamalsf8
iwannariot
free22
bangbang
kpitcln
jersyg35
3288
scarlette
501307
cat30up07
1904619
deepthi
burned
kitara
justice228
rapper
blueberry
28beanne20
4hesworthy
m1nn1ck
Andrew1
72569003
nate
amber18
falcon
lapislazuli
plato
81gem
tatorhead
omega
seyes23
dell2729
reeftank
54669
powpow
ugly
markfromnj
Prongs
4xtm04
icecube
ballin
camstuf
4124513
gmc106
genesis1
mejo05
b36nd13
ackcapala
heyboer
624741
serg03
deadshot
jeremy11
sidekick
cubs01
killa5
candies
odin24
shantal
jakies
lostfish
59modis
fish1350
555645
5945726
gizzie
justme
2648795130
slythgriff
staticfloor8
labebe
zeeraw
collinr
bk4eva
lenawee
corsica1
dblock
kalico
thecatsat
TIMEX05
iggyboo
351837
baba69
jalepeno
rotcod
gracina
subsonik
10582
Belly_Button
dartagnan
ALMA
watermelon
rudeboy
tasha09
231782
Bubble
wiccan
ktm
midoki
midokias
11567
larsen
BIGGIE
brdk1029
flipforce9
onlyme
dirkreno
pursuit
guitarra
calcium
5482
1984
dragons
GODBODY
spotrub
sadsam
nyte69
50201
lxnos302
adh2001
Dec-82
jcabkids
52508
haterz503
ulj907wc
94201770
fun1998
stifler
120600
dackdack
craiova
houston
laydeeb
civic
bernadine1
stayfly
ROSEY2112
102490
iswara
Mooch1969
metro
kiwi54
marygrove
richmond
loka
sisler
317263
1227nat
puddles
raftering
nm2289vw
boxer
TIEFTR
hellog
879603
jerome
Sep-85
thegreatone
mandeep
krissyjoi
blueballs
4151972
paolonarciso
megryan
wekaweka
LISA666
1wish4me
super45
56464258
778658
hackettfan
trcknon
coconut
98830
JOSIAH
brian.rosenberg
usc2012
gotohell
jynx
2nwig2d
bengal
80230
112167
milfhunter
redcar
b01597530
anvodesa
rajnikanth
koren
skinner1
11043306
92880
teotwc1aer
Pooh19
12344321
7843997
muttly
starsiege
Eclipse
ossana
nambulous
najnaric
billjones
THERAGE
cross
4102195
mvjrmr2
vinuanil28
231980
89988998
110669
1701704
volvo1
sma7336
blabla
tiger8
CLUBPEINGUIN
phikappatau
morrissey
solutions
Scott333
skylier
edgar17
fallon
77tinu
ry4prez
xm011882
volcom
joyceb
super_nerd
iluvu
hardtimes
12-Oct
30871
naofer
cutter1
killians
4mckenna
keepout1
jhmc8559
testinit
baldera
morenos
laserjet
112468
pasofino
bike
june1872
trilleri
wankme
mackiewicz
green15
4leaf
bowie
2020
narsh
mrkeno
402496
patriots1
cubed
amssucks
vectra6
79844770
woogie
abc1
abc12
abc123456
323232
chinim325
suarez33
monster
carnage
tres8737
rjyin504
Jamazne
lambofgod
cuz4ever
14333213626
med731
silentbob
92278
deftones
432085
9788
budlight
lamcao
limelight
abc123ab
5000
icantell
donkeboote
aol339
anime
SAADDD
cronuswing
firefly
42386
nunez1
suckitnow
yetunde
87lx50
sangan
carltonissexy
p3tert
stacyc
happyashell
ofroad
jusbgun
quilombo
phasouk
christalone1
geeter27
jericho
redwood
squeak79
winamp1
elusive
taniela
Banshee1
23051709
moverope
denniss3
jam510
alq126
eh52jd
womenr69
r1killer
nose
crimson
sexyhondurena
lilithrose
8433067
kingston3
54715422
golden
teepee
19761976
jc1624
clutch
dnt213
blink
jcaals
kerri
dragon44
gregory
riddla484
thegreat
jean1974
soccer13
texas5
myboysr1
dafunkha
bluemarlin
luvmp3
symone2010
53002
772930A
mixtape
orchestra
tiger88
PUPPYLOVER
pdiddle
retnuh
aznpride
julius
serena
3483733
r3ckr3ck
ninay2007
treehouse
goblue
PENNY1981
monkeys
stemoc23
assfish
pepsicoke
g0!(*$
alberto
reflog00
32593853
paden73
deni00
blond
laurence
strummeraint
mdvhrxef
mou6036
ffball03
choass
833212
joe420
dcpez69
peniscup
goldtree
jillao
mj70791
19831014
gandanela
823654
eclair
cbr444
pernuk
p418042
mybabyalex
peoples32
randy17
spore33
dalbri725
enima
leanna
light
112185
mikeyc
sexy69
3100
ouremail
r8tedr
248655a
compaq1
GOODIES2
kramer
aliyah102199
ilfcsd_22
iloveomar
6r5e8x1
6231989
khalil
1midnight
lou6416
m1chaelz0u
piggypig
mattyt
powers13
DHARRIS1
VFYBA54
Belrad
uptome
reyvilla
diluawlfr
6632pome
kaedee
twofer
iloveant
jenee
laker8
724811
pikacu
krystyn
pololo
reccos
pagan
alliance
112585
CORAL
ag2221430
9201
potatodesk354
dummy
mandulete
nayrb6969
chiara
jeusegod
4085
blessi
bonbon
shopper
unknownelvis
kayla
Basic4
calebm
patterson
funnyguy
mollys
656565
tkfkdgo
tazdevil
hughey
tt1123
50386
mizuno
xssh0mlsib
6099
not4u2c
1991978
shamanick
AALIYAH
MONKEEY
9189
agun8448
derbigny
ncha
lumber1
pippen33
marielys
sassydog
fredbird
280303
tomdabom
555367a
kane1
poopy
gascooker
kulsoombi
mark17
q5686q
landcruiser
summergum
smizzoke
misspaki1
angle7
bouche
jets
shadbaby
karyssa
omfgstfu
7667prelude1
cooltaboo
700621
chopra
8375dc
70984
cancan
hatelove
d002244w
tata01
loveshin
sairam
chazjake
37308
972573
14588
66410
eilane
divias
fordsc
rrsk6758
msant0s
4927
heart15
kjkjakc
maian
21464
csimin
ball
buddy1
pig5650
ulotulot
computer01
5101984
coolron
zandy
may521
darkhell
bambam
bigmamag
drrl5254
26483
uskank
godofdeath
mckenzietate
peepshow
HARDING31
joanna
farhana
ch0204
jackbutt
3682564
asshole1
llllll
starpower
sabzee
bigdog6996
ssc4life
richie
diplomatic
badass
reddredd
katie3
BEAVER
helpme2094
VARIETY3
chadsucks
hatebreed
ALPHAZETA
lindaphung
mandogg33
ab7775
gsmall
viriak
lancelot98
visonik
radiographer
moorck
8130
angel526
frogger
00tacoma
shayla
greggory
tones
emgaihien
phanxox
vitalivich
love1828
djjk1206
chasey
boomer01
fuckerzz
kreeper1899
bufo1ufo
wupper
c7409ss
lamont10
bugsy55
k00186
isitinya
charstin
cuties
fabfive
chicmagno
fukusan
whitedog
rose58
8milerd
g1zm0cat
mylan04
epplett
887914
thps
4631391
slimboy
boogster
kitten
dixieone
s2000
orlando
cartoons
chekazion
hairdays
rayhana
44saw95
icp123
753159
onelove
122599
3rp88404
madisyn
kresica
110684
angelfire
wheaton
trash80
4924660
roodamoo
colony
staticbarrow
91661
flyers
f100frd
barrett
raiderking
ebonie116
mfelix
200418
pimps4life
smurfs
holmes
KADEJA
ebosie
freekaleek
mike0721
cna
qwpoeriu
qeqhnq55
figger
catwoman
mina123
mattcooke
787182
damnit
marielis
qpalzm
zandru
whx9d275
wbreath
441946669
yahoo6810
lilsky
elpaso
purplerain
fl33884
spruce
akerrion
051ddss
hoytusa
crongc
raigne19
tooth
976431
cashmoney
fuego357
aac72sa
erau1nov
fuad
puka
froggie1
adgadg
ebones
pojo13
i82much
alex1316
ljjh5682
2138925
fordf150
ryanstasa
6210
pencilpass
treatment
sexo19
3483
bvs7trek
rabiz
95boston
Bubba
viet4eva
pocsmadar
sakurita
asdfasdf
enterprise
kyle1998
270win
1kagome
sksusna
jpdanos80
sarahmarie
esky
shonna
601700
intleman
5420
j12345
keitaro
gromeo69
rocket9
glueman
olague
mission
paris
banton
mikhaila1
1955
imagine
jonboy
jodivson
736thx1138
rockbottom
seter32
milford
shyne24
12111005
nixon1211
RODRIGUEZ
Holly5
khsbry
zackwing
102039
krs125
kicker
l1v3rn05
yodasears
debbie71
kings
whystore
password2#
sexybitch1
readersss
jacca5
swf2517
lucky4az
gonsalez
marcin
trance
899299
ppd1585
jessi7792
idontknow
besties
9783
fruitloops
bb7590
chunsa
katy
fpmkjmsg
carrie5
mak1g0t0
ilovesarah
chozin1
hppnvw1
eos5eos5
kai
740528
caseman
120129477
194675
sp1717
121565
mitch3
maxmill
femlover
dixie50595
funfunfun
d10a31n8e7
guyver9018
delores
216867
leeroy
kawaiime
TRUEGREEN
margaret
corrinne
phoniex87
haysus024
briscool
catia811
122182
carterson
69ttony
stevem
cardenas
honda12
mbda9771
80183
vince0224
kajol
santana
peach
883
baby123
marie07
algalord
5188288
CA1858
nuckle65
hi
mendoza
noo-noo
shagyatd23
mynana
1969ttony
123456ras
mauvemouse
23912
computers
irish1
cpjdg702
laddie
ESPINOZA
wesley26
smurf3773
finalfee
georgina
scuba111
fatdummy
attitude
rc0195044
wirespeed
cheeks
vene2213
kosher
sabonis
the2kids
tremaine
joeyknox
cavalier69
keith1
TIGGA1
zoomish
adg37brad
anngel
luvyou
2destud
brandon1
simon7609
2583699k
70887088
gobobl18
crystalscan
biamia
gotmilk?
reitano
s259360
eeyoree
hws4hl6
CORMAT
secure
teeman
0.0a0d
2050842
Aleesha
howard1
HAKAMORI
marinko
morg1953
School05
badshah
lovecold2
paulene
screech
kowsark
barkley
hikari21
321123
luckycharms
matrix2
8-Apr
pendola
zmaj
1515
chivasnumber1
ganja
nerner
hayarnold
gcharlotte
0829D
7042
jeff5333
peaches
skiman
freeway
fuckpop
citrus24
anand
susana
112man
andyn
zell1320
sport35
Breaking
cabo
jj4494
61388
hellonina
recover
25955
221
classy
vegetassj4
2961
ilterry2
assassin
rifai
horsemaster
adadad
fk4przc5
mike8080
714r4c
drpepper
h8clownzx
bumbum
revival
creep
5951
hagood
killer3
7160
05kids
reveal
khadijah
676767
huerta
gooper
amh3829
phea
30502
dust16
602272
ar94506
426351
plaza5
kalashnikov
SHEILA
rockett
dionne
jacque
aa100795
knockout1
mermer
kmklkm
castillo
pimple86
eastern
vector
irvington
scishot
axel
2535
mchugh
9374
chrisk
aussi
sllew
royjonesjr
crackho
vwjetta
masaji
bassdrum
gingee
popwar
2703
luvNisa2
lithum
baddad
142800
jetskate
tonytony
lilloco
lavonne
snoogans
cosmo
ilovezane
janedoe
malunani
ashtin
455h0135
riley3
ashbash
mustgt
jillianrhomyak3
mine
manman
marval73
koreanboi200
7776643
dec7/81
Jannakiss
jobabe
shimere
soupcan
RAVEN1
mean4jam
wadeholland
iluvnashhh
getpaid
lissme
ebola
queens
lindasdylan
papercut
hossman
124
chachacha
manda
freaky
1SDIJV1
wargreymon
mikoto2142
crusade
arriyona
obiwan
hailea
jetskin
protege
juann4u2
latino
dollie
bezmetic
9-Sep
289885108
panzer
pigg7444
farrinmarie
AmityAvery
jake
T116cg59
voltron1
kikuichimonji
mumu656
borisv
freddy
si123102
htpses
chuk2001
abc7121
looking4
5860079
shayli
sauni18
mni.65
lottaluv
jennabean
fishfood
dispel
tomhung
golfer
eb89bm
denisha
717813
lelandla
duncan
netzero12
dragoon
tabitha
adranne
kylesucks
1-Apr
veryhigh
hksdsm
474965
bunnies
islamic
25t3143
sprenger1
iamiamkram
plymouth
lilsnake
FrDabc323
lostlove
beermoney
8170221
lavette
gunit05
ampi430
9298
fordracing
dopeman
Supersonic
ygfy84yg
promise
destinee8
aceman
danni
mateo30
148159
pb2555cd
smile14
jessi
flor
doctormaes
11201120
pharmd
nap4life
northeast
shinobi
baxter05
mrpink
840
jjsm123103090118
shelly282
medina
lowlife
lejar
yota94
cruelgee
myfun
akiva
lipong1
beerman
11181987
thesoup
gannapolo
fujb
khmer1
sexypat
akhenaton
t_mobile
122084
763903
tiahunter
gargantuan
everett
heracles
Rose12
1368
nutty
mobile33
sosccccc
dothedew
petrus
corrina
rhiannon
str1ker
ramos5
druhill51
nuelma
kohler
guyssuck
peaceoff05
patel55
cornell
funson
121885
552658230
irat64
babyone
rimen_
apapap
blobb
d007
jmoney1
sabrina4
horsegal
stingy
62686
guess1
19812308
ohoh323
barfbag
6221983
5050
tekoa1
joka1002
16-Oct
pringles
32863
seminoles
phoenix1
rich1621
14dewsus
7399
1776
helloorb
tonja1
marino13
1231231232
2014k
wassupyo
misterb
purplecow
ransom
jedisly
QWASQW
rvdrocks
31belmont
kwyjibo
tamika
8611963
sazee
omnislash
teddybear
kolongowski
franchise
sf49ers
cotemaria
halo10
lickemnow
3511722326
1bgstk
volks1
kriti
jesse1
caitlyn1
columbus
JLQ6414
SWEATBEE
jbazooka
dkam
yoyo
fobiff123
player11
amarie
Billaryahoo9
bmilla
4867dvs
mesastate
aph2002
41804180
mozilla27
80250
281088
Jill0726
moosehead
bbmak6
hkk123
amai
froggie
poopy200
e72fg6
finfinfin
aa5xq
neopets
blackrose
9115ttrffd
wab5775
joeyyally
425309
19egypt99
jesse9
if48263284
5811874
bjrp1994
paychex
215hrazdan
bluemoon
5210
Moe2428
adnil47
howler
rocket01
superbowl
jhacks23
larson
montgomery
cherries
Khalif
mightt
omapavic
pennst
7im37r4v3l
kdub11
seslove
bearcats
skylar
4honey
gerbil
adidas64
rosasasa
issues89
bigbank
blackred
allin0429
synapse
animalx6
lloydliam
joytoyou
jdbike1
585858
motoe815
lloyd
peaceout1
kaimi8904
alex01
peester
420190
jmeatc
mizzjuju
wildhorn
sana101
c2dewgsq
skillz
electric
tmobile
natngio
telephone
blaziniz
grotto12483
thegap
lameo
coneymtg
maosher
hilda
elliott9
perfect1
sharkgirl
compoople
wedding
technikz5
private1
watalian
d4n13l
forklift
252525
mcibags
jroc3295
alex3113
citizen3
pdn5369
blastobutter
poopie1
lietuva1
darken
oldman
hunt
backoff
Dianae
fighting
hacker20
rocawear
2girls
stinkbone
fnord555
russell1
adtr
ih2kids
glowing
buckguy
t98xxaaw
723744
saluashi
cruiser
caboose
jersey
nissan10
ANNETTE
71519887
abcdefgh
baghdad
denisse
6452
carla
careba
4sports
987654
upinya24/7
iamone!
cowgirl
thenry14
101564
INTEGGY
150331658
shoey67
Chelly05
loomis5
bayou1
eswiss
noaccess
bucky1999
72587
umalatharaj
princesssara
736422896
south1
santram
dimensions
pitbull
freeport
rss3569
helmet
jaden
garrison
ARLENA
john1983
rckc
miami1
elcangri
mikijuni
titans
71718
jose03
tbone
jobimn
lazarus
shorta
ZORRO743
appleMAC
amari32
tracey
baby1020
51677
84244mfm
ratm007
20DoR11
bowwow
whoknows
dream1096
sabre
5879422
milton02
empire
shanah
latoya1
911554
Lesley
Moses89
10985
april485
sstrunks
Mchs3462
sc00t3r1
colombiancoffee
4014338
kaiden
shenton
bush2nin
sn1702172
YADIRA
tmac13rs
gt#1man
cheetah
panasonic
kodiak
junior11
broken
9825689
terradawn
dtiggera
qwertym
sheree
firefox
ajc
nirvana11
suelarexha
sync
sweety31
marissa1
aarong
aaliyah84
INFANTW
hotshot
behzad
d2n9180
adema
desiree
hellfire
91185
12rc1984
f1u0c1k
699630
25BORN
pipepipe
fsrelite
larumbera
1234321
blowitup
andre92
dance1
djenks
wwjd2333
1807
wolfgame69
eskayone
motov220
jesjen7-04-04
6580165
zaxpass
mommia
Mac!1313
seadog48
dragon7
klezmer7
cockatiel
kjs24820
adw27acb
3434
headcase69
costello
kuksool
jamaica7
dalhart1956
sc9223
23009300
Raptor22
icon715
halfpint1
socrates
paulpaul
14591459
1926conn
casual
ironman
GriFFDoGG09
chuito
SET4SUIT
phase1
peterbilt379
6656
ingot
mookie55
kjudster
avedef20
radical
ba4523
206782
ringtones81
7562968
kerouac
aquarius27
2281
25862
jokezonu
bestlight
nickclay
KJV1611
kiwijesse
rockets1
gordon
telh74
3003
freebird
slytrap
quixtar
figure
oside4life
45683326
babyevan
crippin
lovelori
titanae
luda1680
4401150
ascsantiago
bass1234
38lilct
mohammad
357357
19911991
4043089
82177
cat20
bryanh
vulcan
gunshop
smilez
pooh69
ff350td4
miller81
eric18
negrita2
joeron
cardinals1
112731
greexican
chsfb45
ALLMADDEN
jeanette
vitito77
matthew1
goarmy12
wdy20aln
sydney11
loko2004
erecya
siulrei
ma2rko
harley10
7231850
ruff123
717121
remf01
powers
pooker
il2watt
evets1
biteme42
savoysix
hemmings
HPblack6
ronnie
b5e6c4k1
barkau
39HaseK39
177621
schlinky
austin316
lucky1
roadrunner
ffm03
jovada
29780
1149019
newsabout
hollykay
gabbie
alexie
omegaxx
aloha6600
sharp1e
Sanch
sandibel
illmatic
groton57
yankees1
zach88
gabbyt
redhot
donovan
hakim786
thisthis
wabbits
121402
hunter15
ROJIPPBL
ynorc518
DUFFUS
micah
charlieqng_99
marbork
quirky
bigtruck
oilisab
burnt
sibaby85
41424344
awo250
juan1
bbssbb
mi2big4u
alltel
88bronco
jmb2000
121457
killer88
Batchface0
moyamarie
jmb2002
usthree
rodale
1416939910
1345
40405050
suavitel
lanus
1470258
liquid78
billw44
yatinuoj
elbujrm
duskdog
roll
rpp-wtp
1983pimp
tuskany
misael01
samsid
jpd217
mike27
aditya123
8131987
b00ger
special1
ffmrix33
drummer
112788
multisync
celtic
1970ss
nyjets
uncommon
bos01410
steve13
172581
chaser10
paintball
insider
homer123
keo48284
wh0cares
c0o1b9x2
ricky410
gigabyte
fcmuswim
pilot
11101
emmaandme2
kb8pff
SUSANA60
juliet2
prentice
kamiah
dmoney
Damaris
maybee
1119143
reopid
badboy69
dogtownz89
plasmatv
connorjames
mctc881
82016066
garnett
greenshit1
jordan23
whores
128378
lock123
gliders
2410fuck??
redsox04
bad150
mi63vm
larmann
eighty
summapri72
pd5345
gigolo
sh2292
cheeberchobber
capricorn
speedy1
boss201
bearkat
blarg22
dang6061
junebugg
foran
TEELA
6dc81a62
sintell9
papers
nosidam
misael97
mattchu
pugs4me1
hellno
devil666
9891299
DGlove05
728711
iono8705
skizzFFM
simone
1301
57221
eric1111
102092
523698741
bratchild1
seanh123
h1b3k5
bluesman
laband9253
journey
KEYBLADE
8688
crazyianz
tavie2
71197
soulfly
mj
chelsea1998
tojogo
da35
eja45eja
soffner
lansing
irongate
blue1
boarder
dojro55
nikkimay
cassidy
dee
sanie
1291965
74656ra1
m12mA1
hercules
adad
celular
1438662
trainer
niceone
runner4s
toprotect
sayda111
ipaq2215
nhunggg
cozmik
dodge000
lesmis
meatball
amigos16
pothead
gon8go
gauntlet
honduras
zeke123
farthead
gogger
eswbha
onlinepw
adhancock
12191219
c1h9r8i3s
108052195
sj1613
rawr321
petey1
kimber
bluemetal
aolsucks
kangaroo
onkyo
goarsenal
00babu
teckie
101266
ilovedavey
evilone1
shukert
146923
Sara
docernie
MHK32296
101475
football10
203120
newcastle
2322
triplex
trex
sihostk
793467
fighter
PRIETA
altima
151089
adrianna12
2313350
juniormurder
nickman
access6901
dorisann
olivier
jjfnads423
himynameisjoe
lilone
gocanes4u
liltae
haichert
77708522
kaseyb
lisa
dell123
42590
sarah14
mastercut
tatelu
adelman
jomanjack
Lauren11
123175
co2001
ila2003
tagalog
7791
porqueno
41086
kolor
jamelee
789456123
lovelots
japan3
newjersey
likeitis
peterbilt
garcia85
chicas
nousske
dura3534
waldinita
boston6
wr23stie
80300
shithole
boss716
elpaco
humpty
dbtel
versie
ring
jack101
kolevit
braden
R1988B
divine
hdez
Kalhoon
dmason
matthewson
millions
mta757586
jeffreyk
magnum
ozzy666
215479
$vea555555!
82ed79
lasalle
slimebeef
177177
feather
calpoly04
Magneto
slushi
deanne
w39gbx04ty
sooners
trash
badgirl
4912
g2k000
fritzy10
cinema4d
beta0554
tyreik
soul
frog
danno
mafia6
owenjhill
872347
samuel9612
wade
fucklife
t+ZrrY84
vampiro99
2580
thekang36
canon1
gattwadd
muska232
jarrod
236
amakbf
hummerz
elijah
heels
624653
tcb7733
jesusc
TracerB
whocares
Fozzie1xx
hulk
phoneringers
froglips
turk21
18397429
pig0319
cuttysark
fred1
m8342r
Da021783
jesse123
lovechunks
5101977
brigyth
mikey626
freezeme
paisen
akey
blakechase
tweeker
242219
kelsey02
paleale
mitchell
pendar
ousooner
89ville
erin1378
13juan
oapartyrock
kitanda
leslie
gangracer
2302334
5621226
net45
vapor
1105970
onlymybf
cheesey
mcdowell
Aminexxx
Lassiter
tanout
seesaw41
jayshreekrishna!
bones33
lizzie
creator
asianboi
funtastik
mseb85
zoe991010
hurldowd
moshpit1
hydeia
mazm
foolish211
qazsew
kitkat613
clef
pumnozup
639094
1nha5nguoi
112772
fall03
ottoman
ryan123
9229401
jb
bigdream
ethan12
tarbear
akpsi25
kriley79
tekiero
zoyasucks
sora
124578
qqqqqq
damtam
2200
booty5
hambone
kimora
raisel
4564192
mariarivera
stretch
kimberley
adamantium
mppb1sga
sunshines
cfd206
1410
melissa1
ssen
lianne08
Jun-77
cell1
casino
wildassme
dukeduke
ginnjuice
baojuhua
ice
ie
pa44
tonytb
1killa1
celery
waterbutt
alexito
tupapi
blue123
id35082
vaw122
tooshort
movies
101482
faNNNyy
Camaro1
18-Mar
rondizzle
juny32
patty
lilbabii
samb
lsh217
lourdes09
acerview69
212006
ucarrillo
newsboys
turbo77
6101981
13-Jun
KLeSiS
milki3c
amymjo
kidloco
pantsdown
dias
Biggs
rob
gojisan
91187
judy
102489
636908
mb33028
thefourth
lilkim
taylormac
mizzy
seemethan
dramatic
thankful
bomberman
azgupta64
31985
4603077
joumoer
qaz123wert
mann
jutrv2
101789
raycarona
hearsay
350Cside
pmashe
gabbyj
Seth
sena
2426038
paola16
angelina
svott55
pariah
remingtn
mitzi3071
krisik
bkbridge
8587
mschina22
5587548
swords2
cb6877
ninab
lestat007
122751
fastlane
sneaker
falco
ulver
ONASSIS
pelonsito
jerk4eva
manuahi
tigger05
Skye
fest52
thebum
nazima95
getlost
rogerwilco3026
menicus
crb143
baogiang
ameen1
buttsniff
2218you
glasses
sd1985
AJPATINO63
spedmonkey
hardsoft
godrules
creamy
mik000
thurman
locoloco
moneyman
kennymoe
badabing
141chicken
dang
6dguwq
accent0
shunspapas
bombshell
aceace
9632
alphaaka
711611
elmerone
HOTMESS
sexymama
cochinada
popthree
nikhil
kissbelth
tmac1
drye
Jul-98
imafag
olympia
myandrei
ratnam
2102
holysam
iwantcandy
ilovejohn
bowling6
trigger34
ginny
qfui99qf
7sabre7
118085
cherise
1682
dangerous
phish66
jermaine8
rmja6s4
1100
bunnys
mosley311
mpwff
zachdrake
Armbar
70268
nash33
31939850
626
leftsock
hockeyc3
tjmtjm
rican7
apostolic
yb63a2v9
doggee
fleabags
92919291
peanut2
swhs34
frngnrd
77777777
cam0312
2171dj
t2243h
362441
anais7
2flowers
gatokoki
dirtboy
191438
rB7u7n8a
deadpool
some123
rocky01
llegeyo
tunafish
40281
dballz
wazzup
juliamay
hoosiers
11271127
ERIC06
otisnixon
isabel98
colbron
aa4ie3
reality7
holiday1
459903
blade
starbuck
ronroaab
gotribe
7723
morrowind
198800
corey
clh&bes
akebono143
flutterby
trippi
raspberrygate101
broflovski
sunkist
betmaker
sendole
sugarcult
jose83
4511
webjal
bobdole
was689risk221
tommysalma
luvurlife
dani
1otis1
ghj
tocieb
nogame
121287
joemom
penny
ballpin
blahblah
85207410
calsonic
rootdown
nsync1
hardcoresex
sALVATORE
adelix12
1519
fu8091
cantrell
wbates1997
8573
janine6581
ivanpagan
krackhead
me062897
vishal
80858085
bxg207
tetons
eicarg
goldeneye
megan3
scooby688
lessismore
jlnks4e
tech78
shazad
moonkeh
103397
jimeca3349
kelly1
eddie23
mortimor
emery4
view76e
birds
roningal22
creed
lifeisez
mamamias
draven
th91752
fatass
sherman1
11151115
1bradlyt
7918352
jrizzle
webpass58
dumbass
rushmore
847-5299
rkfb1962
51582
53169
2299
CHRIS11
chhatra
itis4me
songs4
mt4life
yomari
christine
legend84
madisen
96325
kawasaki
holiday
kjdillio
1972547
76125
granger
swigapig
speakers
20980
water5991
badmonkeys
gokujee
wcc1457
g1234567
722gijoe
331521
dusk07
cherilee
kjm1159
robertdo
brainy777
halie
mtmonkey
jamesbeatty
usa77
mollie10
dmt1513
8088416
aa6288560
cougarsfc
derrick
cak1
drexel
19298113
kevbastard
colorful
evaraul908
2399cass
minuk
hahahaha
minihaha
dazhae
espe
aipmaster
123thought
gaylej
thailand
ilovejay
kubosh
gorijaan1
lovinit
jojebomi
krynn33
butta806
saleen
dinin1
foxho52
tee007
122098
dogbreath
bunny99
imcrazy
lpd0658
wagonlag
megaman
emieha84
method
askah
homeworks
sexycoco
4131982
kaylaunie2
babesz
9042004
chanel76
4542tara
ANAKIN
reysgirl
ashton
gaz2001
112589
vtllamas
gk4life
mombell
popular
cobalt
bubba666
blmsak
soccer17
timepass
SPASPA
Anthony05
aadmin
526167564
qq526167564
Noelle
noelle
OrzHack
cont
cnsec
silic
fake
wokao
bingdao
yangfan
binghun
k0n9
tools
t00ls
tOOls
Tools
TOOls
TOOLS
T00LS
123654789.
f19ht
Fuckyou
FuckYou
Sa
Satan
F.S.T
Webshell
WebShell
654
456789
654987
5201
520131
753
951
852456
qwer
zxcv
~!@#
~!@#$
~!@#$%
!@#
!@#$
!@#$%^&*(
ramitumar
haohaohao
wangbinafcn
calivesky
324946
100044586
lst
sougou
sousou
youdao
hdhacker
if
so
then
ooxx
ooxoo
woca
"5556661221"'123456
yueno
win
winer
20082008
2011
20092009
20102010
20112011
20122012
go
2233
3344
4455
5566
6677
8899
222333
333444
444555
555666
666777
445
1433
3389
8080
3306
asphkmm
id
text
bin
gh0st
logon
logoff
exit
bye
5909062xzx
iolhcw19891209
lsthy.asp
686991
54125412
1qaz
2wsx
5556661221'123456
asdqwe
xiqi520
rinima/./tg
192298273208298273192298273185298273187298273195298273
dahao
buhao
55
147258369
147258963
147852369
258369
321456987
hkgg
ASPAdmin_A
ding130694343
wxb630513
lzh
xiekekevin@123hyj123
maomao3
133135136Satan
5121705
8585392
xiaocai
baicai
sql
sql2005
1024
*****
****
***
8420910
QQ：913720787
tnthk
cmder
sethc
195298273203298273193298273193298273203298273
simin
cian
xiya
xiya66
xiya88
hxhack
5242129
sunhao
Acces
acces
kaifeng
13141234567
nishiwodeshei
xiaoke
478421259
64559216
baiduwocaoni
googlewocaoni
googlewocaoni74
97086407
4911687
10010
admin$
administrators
4133133
aa296419130
qwe32100
204298273196298273197298273
seo0510
yeshackerok
yesHacker
116166
NTIw
YXBwbGVxaQ==
jieshao
laoduo
laoda
574787
5858
8475352
464630316
vc110
598971996
adminyouge
mkak5cpa
040627
ok88
ok888
Asp
xx
987987
henryandme
sex()
xiaodai
987253523
jmss
fuck305829055.
jzzhaozhe
fuck305829055
liuyuhang-*/321
liuyuhang
huadong
694684245
liang
ramble
305829055...!
305829055...
305829055
kuaile
glxt
2795
cxflost@163.com
cxflost@qq.com
cxflost
ffdgdfhdhdf
hackerjmss@help
hackerjmss
cctv
kangge
xiaochen
yuchi
admin0001
37098816
zooey
362202
810912
872448062
phper**
phper*
phper
phpspy
aspspy
jspspy
Silic
5821453
6932546987
5211010
chongzi
chdfhtjrtj
lixuezhao
207551
testss
iloveyou987253523
troeag1e
czx
3wa5thj
chenchen
xh1995
babybaimo
caonima123456
caonima123
tianheng
fnc$
561345
qq619876450
619876450
Windyyi
windyyi
a633958
201666
sncqw
kill.com
PangYS
pangys
q123456321
123.com
FYfy
fyfy
FYFY
adminsun
Xue
tany
Tany
2840
ylsb
cainiao
yph
wym
983823
radish
324282
dengxiaoping
caonimabi
wgt
seay
20121221
123a
-7